blocks,method,size_slope,blocks_used,parcels_valued,trimmed_%,median_ratio,COD,PRD,within_10pct_%,within_20pct_%,coverage_%,median_abs_bill_diff_%,bills_within_10pct_%,bills_within_20pct_%
grid 100 m,flat,,4787,54254,1.952,0.9816,23.53,1.025,31.25,55.13,93.19,18.81,27.83,52.57
grid 100 m,size_adj,-0.507,4787,54230,1.995,0.9965,14.58,1.076,48.9,74.6,93.15,14.48,35.48,63.88
grid 250 m,flat,,1155,56511,2.495,0.9628,26.31,1.038,27.71,50.85,97.07,21.54,23.65,46.66
grid 250 m,size_adj,-0.5228,1155,56789,2.015,0.9898,16.67,1.134,43.51,70.2,97.54,20.72,23.56,48.3
grid 500 m,flat,,359,56476,2.892,0.9538,27.92,1.045,26.01,48.97,97.01,22.97,22.44,44.02
grid 500 m,size_adj,-0.5364,359,56993,2.003,0.987,18.47,1.177,39.78,65.74,97.89,24.92,19.16,40.21
grid 1000 m,flat,,118,56387,3.13,0.9391,30.6,1.074,23.82,45.94,96.85,23.79,21.9,42.6
grid 1000 m,size_adj,-0.5443,118,57078,1.943,0.9841,20.89,1.215,36.24,61.25,98.04,32.78,13.67,28.85
SA2,flat,,84,56356,3.2,0.9359,30.05,1.059,24.59,46.07,96.8,24.39,20.67,41.31
SA2,size_adj,-0.5613,84,57026,2.049,0.9832,20.34,1.201,36.13,61.84,97.95,28.51,17.02,35.1
SA2 x zone,flat,,200,56503,2.791,0.9478,29.15,1.044,25.23,47.24,97.05,24.16,20.36,41.57
SA2 x zone,size_adj,-0.5596,200,57032,1.88,0.9843,19.25,1.174,38.14,64.18,97.96,21.78,23.85,46.44
