block_id,parcels,rating_units,parcel_land_m2,land_value,lv_per_m2_land,lv_per_ha_block,land_share_of_cv,rates_now,rates_lv,rates_change_%,rates_lv_per_m2_land,rates_lv_per_ha_block,res_rates_now,res_rates_lv,res_rates_change_%
sa2_251400 Wellington Central,289,2600,3.383e+05,2037644900,6022,3.631e+07,0.308,6.582e+07,3.841e+07,-41.64,113.5,6.845e+05,2.953e+06,2.449e+06,-17.07
sa2_251602 Dixon Street East,193,2674,1.429e+05,743476600,5201,3.986e+07,0.4232,1.082e+07,9.752e+06,-9.844,68.23,5.228e+05,3.253e+06,2.473e+06,-23.98
sa2_252300 Oriental Bay,293,573,1.679e+05,841997000,5015,2.514e+07,0.6567,3.966e+06,5.214e+06,31.48,31.05,1.557e+05,3.828e+06,4.96e+06,29.55
sa2_252100 Vivian East,429,2349,1.897e+05,801902200,4227,2.8e+07,0.5133,8.889e+06,1.067e+07,20.06,56.25,3.727e+05,3.163e+06,2.61e+06,-17.48
sa2_251800 Courtenay,190,1658,2.349e+05,942913000,4014,2.543e+07,0.4214,1.747e+07,1.41e+07,-19.27,60.03,3.802e+05,2.775e+06,2.495e+06,-10.1
sa2_252501 Mount Victoria North,611,952,2.369e+05,792722000,3346,1.395e+07,0.6473,3.797e+06,4.868e+06,28.22,20.55,8.566e+04,3.653e+06,4.684e+06,28.23
sa2_250902 Thorndon South,331,1249,2.939e+05,953125500,3243,2.069e+07,0.5023,1.359e+07,1.267e+07,-6.714,43.12,2.751e+05,2.808e+06,3.106e+06,10.62
sa2_251700 Vivian West,493,1827,2.415e+05,782148000,3239,2.114e+07,0.5055,8.961e+06,1.009e+07,12.57,41.77,2.726e+05,3.074e+06,2.665e+06,-13.31
sa2_251000 Wellington Botanic Gardens,191,231,1.026e+05,260575000,2540,4.98e+06,0.6565,1.218e+06,1.588e+06,30.38,15.48,3.035e+04,1.189e+06,1.544e+06,29.92
sa2_252400 Mount Cook East,408,1140,2.271e+05,570134000,2510,1.309e+07,0.5866,4.851e+06,6.199e+06,27.77,27.29,1.423e+05,2.219e+06,2.37e+06,6.831
sa2_252002 Mount Cook South,286,433,1.09e+05,266835000,2448,7.572e+06,0.6481,1.281e+06,1.644e+06,28.36,15.08,4.665e+04,1.227e+06,1.575e+06,28.39
sa2_250901 Thorndon North,517,805,2.386e+05,559268000,2344,5.457e+06,0.6011,2.842e+06,3.386e+06,19.16,14.19,3.304e+04,2.792e+06,3.323e+06,19.03
sa2_252900 Newtown North,475,615,1.905e+05,438346000,2301,6.257e+06,0.6774,2.215e+06,2.98e+06,34.53,15.64,4.253e+04,1.853e+06,2.484e+06,34.03
sa2_251601 Dixon Street West,144,479,8.453e+04,190622600,2255,1.654e+07,0.4271,2.105e+06,1.553e+06,-26.22,18.37,1.347e+05,1.064e+06,9.849e+05,-7.466
sa2_252001 Mount Cook North,239,887,1.837e+05,398231000,2167,1.524e+07,0.5417,2.792e+06,3.244e+06,16.18,17.65,1.242e+05,2.003e+06,2.058e+06,2.711
sa2_251300 Wellington University,283,337,1.523e+05,325600000,2138,7.816e+06,0.6641,1.504e+06,1.978e+06,31.52,12.99,4.749e+04,1.469e+06,1.932e+06,31.56
sa2_253000 Newtown West,647,1064,3.222e+05,644514000,2000,9.753e+06,0.6287,4.062e+06,5.023e+06,23.65,15.59,7.601e+04,2.731e+06,3.414e+06,25.01
sa2_253600 Newtown South,668,1012,3.502e+05,650543000,1858,5.443e+06,0.6249,3.624e+06,4.45e+06,22.79,12.71,3.724e+04,2.958e+06,3.676e+06,24.25
sa2_252600 Roseneath,560,696,3.44e+05,617116000,1794,1.127e+07,0.6313,2.96e+06,3.704e+06,25.12,10.77,6.762e+04,2.942e+06,3.679e+06,25.04
sa2_253102 Hataitai North East,661,749,3.349e+05,562778500,1680,1.238e+07,0.6341,2.715e+06,3.416e+06,25.84,10.2,7.515e+04,2.661e+06,3.34e+06,25.53
sa2_253300 Berhampore,855,1174,4.122e+05,682121000,1655,4.882e+06,0.629,3.346e+06,4.152e+06,24.09,10.07,2.971e+04,3.241e+06,4.045e+06,24.78
sa2_251100 Kelburn,631,712,3.438e+05,554535000,1613,1.12e+07,0.6401,2.69e+06,3.407e+06,26.67,9.911,6.882e+04,2.583e+06,3.276e+06,26.83
sa2_254300 Lyall Bay,762,1062,3.791e+05,587755000,1550,1.073e+07,0.618,2.9e+06,3.553e+06,22.51,9.373,6.487e+04,2.855e+06,3.494e+06,22.38
sa2_253400 Hataitai South,388,484,2.147e+05,329518000,1535,7.696e+06,0.6222,1.6e+06,1.974e+06,23.36,9.195,4.61e+04,1.596e+06,1.966e+06,23.2
sa2_255200 Seatoun,804,859,6.167e+05,935638000,1517,7.03e+06,0.6266,4.524e+06,5.622e+06,24.29,9.116,4.225e+04,4.494e+06,5.575e+06,24.05
sa2_254200 Kilbirnie East,652,716,2.844e+05,430159000,1513,9.024e+06,0.6533,2.171e+06,2.924e+06,34.73,10.28,6.135e+04,1.917e+06,2.437e+06,27.16
sa2_254401 Miramar Central,508,765,3.646e+05,479605000,1316,9.102e+06,0.649,2.731e+06,3.721e+06,36.23,10.21,7.062e+04,2.042e+06,2.547e+06,24.74
sa2_253101 Hataitai North West,508,564,2.812e+05,358789000,1276,5.894e+06,0.6034,1.806e+06,2.161e+06,19.63,7.686,3.55e+04,1.788e+06,2.136e+06,19.48
sa2_254600 Karaka Bay-Worser Bay,585,651,4.491e+05,570456000,1270,8.467e+06,0.6308,2.729e+06,3.412e+06,25.03,7.598,5.065e+04,2.725e+06,3.405e+06,24.93
sa2_251900 Brooklyn East,920,1054,5.524e+05,695584000,1259,7.704e+06,0.6293,3.55e+06,4.398e+06,23.9,7.962,4.872e+04,3.252e+06,4.064e+06,24.96
sa2_254000 Island Bay East,1186,1348,6.894e+05,831481000,1206,8.462e+06,0.5772,4.373e+06,5.016e+06,14.7,7.276,5.105e+04,4.332e+06,4.947e+06,14.19
sa2_252502 Mount Victoria South,374,499,3.847e+05,462648000,1203,9.063e+06,0.6688,2.249e+06,3.039e+06,35.12,7.901,5.954e+04,2.025e+06,2.661e+06,31.38
sa2_254900 Miramar South,1103,1236,7.244e+05,868475000,1199,8.825e+06,0.6387,5.457e+06,7.423e+06,36.04,10.25,7.543e+04,3.597e+06,4.358e+06,21.17
sa2_253700 Kilbirnie Central,670,1188,6.937e+05,828522000,1194,8.526e+06,0.6209,6.845e+06,8.682e+06,26.85,12.52,8.935e+04,2.978e+06,3.565e+06,19.71
sa2_253200 Evans Bay,254,408,2.645e+05,312154500,1180,7.593e+06,0.654,1.663e+06,2.239e+06,34.6,8.465,5.446e+04,1.356e+06,1.725e+06,27.26
sa2_251200 Aro Valley,984,1176,5.64e+05,652884000,1158,5.235e+06,0.5823,3.534e+06,4.117e+06,16.5,7.299,3.301e+04,3.323e+06,3.819e+06,14.9
sa2_250800 Northland (Wellington City),1179,1292,6.803e+05,781850500,1149,6.2e+06,0.6294,3.818e+06,4.767e+06,24.87,7.007,3.78e+04,3.718e+06,4.633e+06,24.61
sa2_250600 Karori East,1140,1211,8.414e+05,938002000,1115,7.631e+06,0.5741,4.988e+06,5.688e+06,14.04,6.76,4.628e+04,4.903e+06,5.57e+06,13.6
sa2_250200 Khandallah South,705,759,5.47e+05,603985000,1104,8.303e+06,0.5807,3.136e+06,3.607e+06,15.03,6.594,4.959e+04,3.136e+06,3.607e+06,15.03
sa2_250300 Wadestown,1288,1394,9.286e+05,995525000,1072,6.907e+06,0.6168,4.951e+06,6.018e+06,21.57,6.481,4.176e+04,4.834e+06,5.918e+06,22.42
sa2_250000 Khandallah North,937,1049,6.753e+05,720785000,1067,7.103e+06,0.5582,4.089e+06,4.564e+06,11.6,6.758,4.497e+04,3.82e+06,4.209e+06,10.17
sa2_254500 Southgate,406,442,2.638e+05,271279000,1028,5.808e+06,0.6126,1.335e+06,1.62e+06,21.34,6.141,3.469e+04,1.335e+06,1.62e+06,21.34
sa2_248900 Johnsonville Central,858,1180,6.791e+05,689167000,1015,7.242e+06,0.6081,4.997e+06,6.073e+06,21.53,8.943,6.381e+04,2.832e+06,3.391e+06,19.74
sa2_249900 Karori North,888,1002,7.001e+05,691444001,987.6,4.271e+06,0.5332,4.088e+06,4.28e+06,4.71,6.114,2.644e+04,3.844e+06,4.073e+06,5.981
sa2_254100 Miramar North,407,482,3.351e+05,319790000,954.4,6.303e+06,0.6073,2.459e+06,3.194e+06,29.91,9.532,6.295e+04,1.265e+06,1.434e+06,13.39
sa2_254800 Miramar East,943,1044,6.255e+05,584165000,934,6.889e+06,0.5484,3.217e+06,3.495e+06,8.639,5.587,4.121e+04,3.21e+06,3.486e+06,8.624
sa2_253900 Melrose,415,435,2.786e+05,260183500,934,7.817e+06,0.6286,1.248e+06,1.554e+06,24.51,5.578,4.668e+04,1.248e+06,1.554e+06,24.51
sa2_253501 Maupuia,362,558,3.233e+05,297605000,920.6,1.521e+06,0.5698,1.832e+06,2.246e+06,22.62,6.949,1.148e+04,1.48e+06,1.604e+06,8.39
sa2_249300 Khandallah Reserve,702,781,6.097e+05,557983000,915.1,4.785e+06,0.5795,2.91e+06,3.343e+06,14.89,5.483,2.867e+04,2.901e+06,3.328e+06,14.74
sa2_251500 Brooklyn North,691,751,5.943e+05,543381000,914.4,4.363e+06,0.6324,2.595e+06,3.253e+06,25.35,5.475,2.612e+04,2.589e+06,3.242e+06,25.23
sa2_250401 Karori South,1132,1284,8.154e+05,732695000,898.6,6.06e+06,0.5356,4.276e+06,4.536e+06,6.081,5.563,3.751e+04,4.068e+06,4.316e+06,6.096
sa2_248400 Johnsonville West,1109,1249,6.771e+05,587111000,867.1,4.989e+06,0.5419,3.266e+06,3.506e+06,7.343,5.179,2.979e+04,3.266e+06,3.506e+06,7.343
sa2_250500 Onslow,634,710,4.662e+05,399687600,857.4,5.203e+06,0.5012,2.416e+06,2.398e+06,-0.731,5.145,3.122e+04,2.4e+06,2.383e+06,-0.7296
sa2_255100 Strathmore (Wellington City),1158,1225,8.167e+05,696833000,853.3,4.773e+06,0.6158,3.413e+06,4.164e+06,21.99,5.099,2.852e+04,3.411e+06,4.161e+06,21.96
sa2_249600 Ngaio South,1098,1243,8.685e+05,738109000,849.9,5.402e+06,0.5744,3.888e+06,4.426e+06,13.83,5.096,3.239e+04,3.869e+06,4.401e+06,13.77
sa2_249200 Johnsonville South,512,802,3.866e+05,320072000,827.9,4.503e+06,0.5306,1.825e+06,1.921e+06,5.225,4.969,2.702e+04,1.816e+06,1.908e+06,5.069
sa2_254700 Houghton Bay,594,654,4.718e+05,387877000,822.2,3.009e+06,0.6115,1.925e+06,2.341e+06,21.61,4.961,1.816e+04,1.908e+06,2.307e+06,20.96
sa2_248600 Johnsonville North,1040,1173,6.78e+05,556295000,820.5,6.217e+06,0.5613,2.988e+06,3.322e+06,11.19,4.9,3.713e+04,2.988e+06,3.322e+06,11.19
sa2_252800 Kingston-Mornington-Vogeltown,1005,1143,7.768e+05,608458500,783.3,6.157e+06,0.5967,3.077e+06,3.638e+06,18.26,4.684,3.682e+04,3.074e+06,3.632e+06,18.17
sa2_250100 Wilton,711,812,5.449e+05,422692000,775.7,3.354e+06,0.5742,2.22e+06,2.524e+06,13.73,4.632,2.003e+04,2.22e+06,2.524e+06,13.73
sa2_250700 Pipitea-Kaiwharawhara,407,907,1.252e+06,965148500,771,4.357e+06,0.391,2.319e+07,1.748e+07,-24.62,13.96,7.891e+04,1.612e+06,1.425e+06,-11.6
sa2_248800 Ngaio North,872,974,6.052e+05,442114000,730.5,5.366e+06,0.5066,2.631e+06,2.64e+06,0.348,4.363,3.205e+04,2.631e+06,2.64e+06,0.348
sa2_249501 Newlands North,996,1129,6.268e+05,457570000,730,5.142e+06,0.5145,2.827e+06,2.818e+06,-0.3229,4.496,3.167e+04,2.627e+06,2.701e+06,2.801
sa2_248301 Churton Park South,1036,1270,8.128e+05,540135000,664.6,4.267e+06,0.4792,3.403e+06,3.23e+06,-5.084,3.974,2.551e+04,3.396e+06,3.224e+06,-5.067
sa2_253800 Island Bay West,1082,1207,1.249e+06,801214500,641.6,6.856e+06,0.5989,4.152e+06,4.909e+06,18.24,3.931,4.201e+04,3.989e+06,4.739e+06,18.79
sa2_248101 Churton Park North,1443,1465,1.129e+06,720472000,638.3,3.124e+06,0.4258,5.196e+06,4.359e+06,-16.1,3.862,1.891e+04,5.067e+06,4.282e+06,-15.49
sa2_249101 Crofton Downs,683,773,6.396e+05,395966000,619.1,2.52e+06,0.5203,2.806e+06,2.722e+06,-2.998,4.256,1.732e+04,2.105e+06,2.232e+06,6.048
sa2_249702 Newlands East,979,1022,7.122e+05,431969000,606.5,2.175e+06,0.4961,2.625e+06,2.58e+06,-1.726,3.622,1.299e+04,2.625e+06,2.58e+06,-1.726
sa2_249402 Karori West,945,1065,8.479e+05,504021000,594.4,4.742e+06,0.5506,2.797e+06,3.067e+06,9.661,3.617,2.885e+04,2.746e+06,2.989e+06,8.845
sa2_249000 Broadmeadows,574,647,3.882e+05,230416500,593.6,3.588e+06,0.4254,1.633e+06,1.376e+06,-15.74,3.545,2.143e+04,1.633e+06,1.376e+06,-15.74
sa2_247700 Linden,1006,1180,7.379e+05,400435000,542.6,3.579e+06,0.4678,2.611e+06,2.409e+06,-7.729,3.264,2.153e+04,2.57e+06,2.385e+06,-7.195
sa2_247900 Tawa Central,936,1203,9.235e+05,486583000,526.9,3.177e+06,0.4708,3.971e+06,3.669e+06,-7.614,3.973,2.395e+04,2.8e+06,2.623e+06,-6.296
sa2_248701 Paparangi,895,974,8.47e+05,424039000,500.7,3.368e+06,0.5034,2.54e+06,2.532e+06,-0.2922,2.99,2.011e+04,2.54e+06,2.532e+06,-0.2922
sa2_249401 Karori Park,834,964,8.406e+05,416730000,495.7,3.602e+06,0.514,2.45e+06,2.495e+06,1.842,2.968,2.156e+04,2.443e+06,2.487e+06,1.796
sa2_248500 Grenada Village,606,629,6.604e+05,312038000,472.5,2.149e+06,0.4794,2.53e+06,2.323e+06,-8.186,3.517,1.6e+04,1.752e+06,1.693e+06,-3.365
sa2_247800 Tawa South,1160,1304,1.152e+06,541746000,470.2,2.126e+06,0.469,3.663e+06,3.473e+06,-5.192,3.015,1.363e+04,3.416e+06,3.147e+06,-7.869
sa2_247600 Tawa North,1037,1057,9.657e+05,393510000,407.5,2.725e+06,0.4723,2.512e+06,2.35e+06,-6.453,2.433,1.627e+04,2.512e+06,2.35e+06,-6.453
sa2_255000 Rongotai,64,124,1.297e+06,527187000,406.4,2.714e+06,0.5902,9.573e+06,1.126e+07,17.65,8.682,5.798e+04,1.446e+05,1.432e+05,-0.952
sa2_249800 Woodridge,632,724,7.854e+05,311936000,397.2,3.151e+06,0.4633,2.03e+06,1.863e+06,-8.234,2.372,1.882e+04,2.03e+06,1.863e+06,-8.234
sa2_252700 Ōwhiro Bay,679,753,1.292e+06,373441000,289,9.2e+05,0.5584,2.114e+06,2.331e+06,10.25,1.804,5742,1.98e+06,2.193e+06,10.74
sa2_249701 Newlands South,940,1127,2.033e+06,562951000,276.9,1.409e+06,0.496,5.67e+06,5.48e+06,-3.35,2.696,1.372e+04,2.589e+06,2.577e+06,-0.4539
sa2_252200 Brooklyn South,601,736,1.826e+06,390529000,213.9,2.136e+06,0.5915,2.003e+06,2.344e+06,17.06,1.284,1.282e+04,1.986e+06,2.328e+06,17.21
sa2_248000 Grenada North,930,999,3.738e+06,529595500,141.7,9.148e+05,0.4783,5.14e+06,5.105e+06,-0.6831,1.366,8819,2.671e+06,2.443e+06,-8.527
sa2_248102 Glenside-Churton Park East,227,318,1.424e+06,167925000,117.9,6.761e+05,0.5849,9.848e+05,1.168e+06,18.58,0.8198,4702,8.215e+05,9.418e+05,14.64
sa2_248200 Takapu-Horokiwi,118,119,1.397e+07,130808300,9.364,6.848e+04,0.7272,6.797e+05,1.028e+06,51.26,0.07359,538.2,4.915e+05,6.898e+05,40.34
sa2_247501 Mākara-Ohariu,458,482,1.582e+08,439794500,2.78,2.482e+04,0.5616,2.364e+06,2.629e+06,11.23,0.01662,148.4,2.36e+06,2.626e+06,11.26
