stress3,stress4,climb,cross3,cross4,n,log_r,spearman,k,countline_log_r
2.0,3.0,20.0,30.0,80.0,105,0.551,0.608,0.748,0.411
2.0,3.0,30.0,30.0,80.0,105,0.549,0.612,0.747,0.434
3.0,5.0,20.0,30.0,80.0,105,0.546,0.569,0.771,0.38
3.0,5.0,30.0,30.0,80.0,105,0.542,0.584,0.743,0.379
1.5,2.0,30.0,30.0,80.0,105,0.534,0.595,0.755,0.396
1.5,2.0,20.0,30.0,80.0,105,0.529,0.589,0.773,0.392
3.0,5.0,10.0,30.0,80.0,105,0.488,0.508,0.774,0.334
2.0,3.0,10.0,30.0,80.0,105,0.48,0.548,0.764,0.357
1.5,2.0,10.0,30.0,80.0,105,0.474,0.564,0.796,0.361
1.1,1.25,30.0,30.0,80.0,105,0.465,0.545,0.916,0.343
1.1,1.25,20.0,30.0,80.0,105,0.453,0.518,0.901,0.367
1.1,1.25,10.0,30.0,80.0,105,0.44,0.545,0.919,0.312
