suburb,trips_godutch,trips_census,pct_all_ages,pct_confident,trips_to_cbd,pct_cbd_all_ages,unconnected_trips,median_effort_km,median_dist_km,n_homes,blocker1,blocker1_trips,blocker2,blocker2_trips,blocker3,blocker3_trips,project1,project1_treatment,project1_cost_m,project1_rank,project2,project2_treatment,project2_cost_m,project2_rank,project3,project3_treatment,project3_cost_m,project3_rank,card
Horokiwi,6442.14,791.67,0.53,34.82,717.34,0.0,5113.39,17.28,14.38,683,Hutt Road,6041.56,Hutt Road Shared Path,3048.24,Aotea Quay,2102.34,Hutt Road,Protected lane,4.89,121.0,Woodridge Drive,Protected lane,1.37,181.0,Grenada Drive,Protected lane,2.49,211.0,"1% of potential trips from Horokiwi (6,442 a weekday) have an all-ages route; 35% do for confident riders, and 0% of trips to the CBD do. The main blockers are Hutt Road, Hutt Road Shared Path and Aotea Quay. Best-value fixes: Hutt Road (protected lane, about $4.9M); Woodridge Drive (protected lane, about $1.4M); Grenada Drive (protected lane, about $2.5M)."
Tawa,4840.72,361.43,0.18,2.85,455.88,0.0,4359.72,23.49,17.77,494,Middleton Road,5893.3,Willowbank Road,2993.45,Main Road,2954.28,Duncan Street,Quiet street (30 km/h + filter),0.07,24.0,Oxford Street,Quiet street (30 km/h + filter),0.22,28.0,McLellan Street,Quiet street (30 km/h + filter),0.1,57.0,"0% of potential trips from Tawa (4,841 a weekday) have an all-ages route; 3% do for confident riders, and 0% of trips to the CBD do. The main blockers are Middleton Road, Willowbank Road and Main Road. Best-value fixes: Duncan Street (quiet street (30 km/h + filter), about $0.07M); Oxford Street (quiet street (30 km/h + filter), about $0.22M); McLellan Street (quiet street (30 km/h + filter), about $0.10M)."
Karori,3384.15,568.8,0.58,4.56,482.15,0.0,3102.78,13.62,9.33,419,Karori Road,2181.63,Chaytor Street,1988.07,Churchill Drive,1169.0,Friend Street,Quiet street (30 km/h + filter),0.13,43.0,Karori Road,Protected lane,0.36,44.0,Glenmore Street,Protected lane,0.28,48.0,"1% of potential trips from Karori (3,384 a weekday) have an all-ages route; 5% do for confident riders, and 0% of trips to the CBD do. The main blockers are Karori Road, Chaytor Street and Churchill Drive. Best-value fixes: Friend Street (quiet street (30 km/h + filter), about $0.13M); Karori Road (protected lane, about $0.36M); Glenmore Street (protected lane, about $0.28M)."
Te Aro,3122.56,280.65,9.77,26.89,549.48,27.21,2648.63,8.57,5.4,261,Customhouse Quay,1243.14,Waterloo Quay,1181.73,Aotea Quay,1119.45,Manners Street,Quiet street (30 km/h + filter),0.05,2.0,Devon Street,Quiet street (30 km/h + filter),0.09,3.0,Wakefield Street,Protected lane,1.42,18.0,"10% of potential trips from Te Aro (3,123 a weekday) have an all-ages route; 27% do for confident riders. The main blockers are Customhouse Quay, Waterloo Quay and Aotea Quay. Best-value fixes: Manners Street (quiet street (30 km/h + filter), about $0.05M); Devon Street (quiet street (30 km/h + filter), about $0.09M); Wakefield Street (protected lane, about $1.4M)."
Mt Victoria,2632.06,365.81,13.22,44.72,340.43,43.82,2140.35,10.12,6.37,129,Wakefield Street,1185.62,Cambridge Terrace,1177.07,Jervois Quay,1151.51,Adelaide Road,Protected lane,1.32,5.0,Wakefield Street,Protected lane,1.42,18.0,College Street,Quiet street (30 km/h + filter),0.05,19.0,"13% of potential trips from Mt Victoria (2,632 a weekday) have an all-ages route; 45% do for confident riders, and 44% of trips to the CBD do. The main blockers are Wakefield Street, Cambridge Terrace and Jervois Quay. Best-value fixes: Adelaide Road (protected lane, about $1.3M); Wakefield Street (protected lane, about $1.4M); College Street (quiet street (30 km/h + filter), about $0.05M)."
Johnsonville,2452.35,389.54,0.39,39.47,289.1,0.0,2328.2,12.01,10.41,273,Centennial Highway,1438.28,Hutt Road Shared Path,1085.08,Aotea Quay,932.79,Moorefield Road,Protected lane,0.25,31.0,Frankmoore Avenue,Quiet street (30 km/h + filter),0.1,64.0,Bassett Road,Protected lane,0.56,73.0,"0% of potential trips from Johnsonville (2,452 a weekday) have an all-ages route; 39% do for confident riders, and 0% of trips to the CBD do. The main blockers are Centennial Highway, Hutt Road Shared Path and Aotea Quay. Best-value fixes: Moorefield Road (protected lane, about $0.25M); Frankmoore Avenue (quiet street (30 km/h + filter), about $0.10M); Bassett Road (protected lane, about $0.56M)."
Newlands,2186.88,204.79,0.88,38.56,156.77,0.0,2066.19,11.59,9.65,166,Ngauranga Gorge Shared Path,1308.64,Centennial Highway,1063.31,Hutt Road Shared Path,917.72,Bracken Road,Protected lane,1.41,105.0,Stewart Drive,Protected lane,1.86,143.0,Glanmire Road,Quiet street (30 km/h + filter),0.27,145.0,"1% of potential trips from Newlands (2,187 a weekday) have an all-ages route; 39% do for confident riders, and 0% of trips to the CBD do. The main blockers are Ngauranga Gorge Shared Path, Centennial Highway and Hutt Road Shared Path. Best-value fixes: Bracken Road (protected lane, about $1.4M); Stewart Drive (protected lane, about $1.9M); Glanmire Road (quiet street (30 km/h + filter), about $0.27M)."
Newtown,2164.61,352.69,1.7,36.4,267.8,1.4,1975.53,10.39,6.68,180,Newtown to City Cycleway,1482.14,Adelaide Road,1198.55,Wakefield Street,1048.32,John Street,Protected lane,0.42,4.0,Adelaide Road,Protected lane,1.32,5.0,Wakefield Street,Protected lane,1.42,18.0,"2% of potential trips from Newtown (2,165 a weekday) have an all-ages route; 36% do for confident riders, and 1% of trips to the CBD do. The main blockers are Newtown to City Cycleway, Adelaide Road and Wakefield Street. Best-value fixes: John Street (protected lane, about $0.42M); Adelaide Road (protected lane, about $1.3M); Wakefield Street (protected lane, about $1.4M)."
Miramar,1942.75,303.5,0.27,40.01,217.51,0.0,1875.71,13.92,10.0,169,Hamilton Road,1368.19,Kupe Street,1362.1,Moxham Avenue,1359.72,Miro Street,Quiet street (30 km/h + filter),0.11,7.0,Rex Street,Quiet street (30 km/h + filter),0.1,30.0,Brussels Street,Quiet street (30 km/h + filter),0.1,34.0,"0% of potential trips from Miramar (1,943 a weekday) have an all-ages route; 40% do for confident riders, and 0% of trips to the CBD do. The main blockers are Hamilton Road, Kupe Street and Moxham Avenue. Best-value fixes: Miro Street (quiet street (30 km/h + filter), about $0.11M); Rex Street (quiet street (30 km/h + filter), about $0.10M); Brussels Street (quiet street (30 km/h + filter), about $0.10M)."
Mt Cook,1702.74,296.96,5.11,29.41,296.34,13.11,1550.74,8.17,5.38,150,Customhouse Quay,732.84,Waterloo Quay,645.11,Aotea Quay,606.95,John Street,Protected lane,0.42,4.0,Adelaide Road,Protected lane,1.32,5.0,Willis Street,Protected lane,2.0,20.0,"5% of potential trips from Mt Cook (1,703 a weekday) have an all-ages route; 29% do for confident riders, and 13% of trips to the CBD do. The main blockers are Customhouse Quay, Waterloo Quay and Aotea Quay. Best-value fixes: John Street (protected lane, about $0.42M); Adelaide Road (protected lane, about $1.3M); Willis Street (protected lane, about $2.0M)."
Brooklyn,1585.56,288.41,0.27,5.69,226.4,0.7,1525.02,11.01,7.57,150,Willis Street,655.82,Customhouse Quay,630.34,Ohiro Road,589.65,Willis Street,Protected lane,2.0,20.0,Customhouse Quay,Protected lane,1.37,67.0,McKinley Crescent,Quiet street (30 km/h + filter),0.07,89.0,"0% of potential trips from Brooklyn (1,586 a weekday) have an all-ages route; 6% do for confident riders, and 1% of trips to the CBD do. The main blockers are Willis Street, Customhouse Quay and Ohiro Road. Best-value fixes: Willis Street (protected lane, about $2.0M); Customhouse Quay (protected lane, about $1.4M); McKinley Crescent (quiet street (30 km/h + filter), about $0.07M)."
Khandallah,1487.4,173.6,0.32,26.18,204.67,0.39,1395.12,11.32,8.24,169,Aotea Quay,546.55,Waterloo Quay,536.62,Customhouse Quay,533.8,Calcutta Street,Quiet street (30 km/h + filter),0.17,11.0,Old Porirua Road,Quiet street (30 km/h + filter),0.26,27.0,Cameron Street,Quiet street (30 km/h + filter),0.11,38.0,"0% of potential trips from Khandallah (1,487 a weekday) have an all-ages route; 26% do for confident riders, and 0% of trips to the CBD do. The main blockers are Aotea Quay, Waterloo Quay and Customhouse Quay. Best-value fixes: Calcutta Street (quiet street (30 km/h + filter), about $0.17M); Old Porirua Road (quiet street (30 km/h + filter), about $0.26M); Cameron Street (quiet street (30 km/h + filter), about $0.11M)."
Kelburn,1447.19,175.63,2.54,16.4,162.64,9.56,1348.64,12.12,7.75,101,The Terrace,520.89,The Rigi,431.2,Hutt Road,421.76,Devon Street,Quiet street (30 km/h + filter),0.09,3.0,Hill Street,Quiet street (30 km/h + filter),0.1,9.0,Brandon Street,Protected lane,0.25,13.0,"3% of potential trips from Kelburn (1,447 a weekday) have an all-ages route; 16% do for confident riders, and 10% of trips to the CBD do. The main blockers are The Terrace, The Rigi and Hutt Road. Best-value fixes: Devon Street (quiet street (30 km/h + filter), about $0.09M); Hill Street (quiet street (30 km/h + filter), about $0.10M); Brandon Street (protected lane, about $0.25M)."
Seatoun,1445.74,161.07,0.09,30.19,93.31,0.0,1135.37,23.26,15.19,92,Broadway,963.06,Hamilton Road,826.02,Kupe Street,824.52,John Street,Protected lane,0.42,4.0,Adelaide Road,Protected lane,1.32,5.0,Hamilton Road,Protected lane,1.37,66.0,"0% of potential trips from Seatoun (1,446 a weekday) have an all-ages route; 30% do for confident riders, and 0% of trips to the CBD do. The main blockers are Broadway, Hamilton Road and Kupe Street. Best-value fixes: John Street (protected lane, about $0.42M); Adelaide Road (protected lane, about $1.3M); Hamilton Road (protected lane, about $1.4M)."
Kilbirnie,1313.52,102.99,10.87,48.23,126.85,23.26,919.9,14.57,8.73,83,Moxham Avenue,547.1,Taurima Street,542.28,Mount Victoria Tunnel Shared Path,542.0,Tacy Street,Quiet street (30 km/h + filter),0.05,12.0,Te Whiti Street,Quiet street (30 km/h + filter),0.05,14.0,Freyberg Street,Quiet street (30 km/h + filter),0.16,15.0,"11% of potential trips from Kilbirnie (1,314 a weekday) have an all-ages route; 48% do for confident riders, and 23% of trips to the CBD do. The main blockers are Moxham Avenue, Taurima Street and Mount Victoria Tunnel Shared Path. Best-value fixes: Tacy Street (quiet street (30 km/h + filter), about $0.05M); Te Whiti Street (quiet street (30 km/h + filter), about $0.05M); Freyberg Street (quiet street (30 km/h + filter), about $0.16M)."
Kaiwharawhara,1271.04,97.69,13.81,35.78,117.94,40.24,961.64,11.45,8.6,58,Hutt Road,508.96,Middleton Road,410.47,Centennial Highway,351.66,Calcutta Street,Quiet street (30 km/h + filter),0.17,11.0,Old Porirua Road,Quiet street (30 km/h + filter),0.26,27.0,Sar Street,Quiet street (30 km/h + filter),0.17,35.0,"14% of potential trips from Kaiwharawhara (1,271 a weekday) have an all-ages route; 36% do for confident riders, and 40% of trips to the CBD do. The main blockers are Hutt Road, Middleton Road and Centennial Highway. Best-value fixes: Calcutta Street (quiet street (30 km/h + filter), about $0.17M); Old Porirua Road (quiet street (30 km/h + filter), about $0.26M); Sar Street (quiet street (30 km/h + filter), about $0.17M)."
Island Bay,1247.14,346.7,0.2,6.54,174.37,0.0,1198.98,12.47,8.97,149,The Parade,981.24,Newtown to City Cycleway,919.21,Adelaide Road,754.77,Adelaide Road,Protected lane,1.32,5.0,Severn Street,Protected lane,1.79,83.0,The Esplanade,Protected lane,2.72,127.0,"0% of potential trips from Island Bay (1,247 a weekday) have an all-ages route; 7% do for confident riders, and 0% of trips to the CBD do. The main blockers are The Parade, Newtown to City Cycleway and Adelaide Road. Best-value fixes: Adelaide Road (protected lane, about $1.3M); Severn Street (protected lane, about $1.8M); The Esplanade (protected lane, about $2.7M)."
Churton Park,1120.42,136.14,0.22,34.37,128.14,0.0,1041.38,15.47,12.31,177,Johnsonville Road,667.6,Centennial Highway,613.49,Middleton Road,585.63,Burbank Crescent,Quiet street (30 km/h + filter),0.11,61.0,Bassett Road,Protected lane,0.56,73.0,Churton Drive,Quiet street (30 km/h + filter),0.2,92.0,"0% of potential trips from Churton Park (1,120 a weekday) have an all-ages route; 34% do for confident riders, and 0% of trips to the CBD do. The main blockers are Johnsonville Road, Centennial Highway and Middleton Road. Best-value fixes: Burbank Crescent (quiet street (30 km/h + filter), about $0.11M); Bassett Road (protected lane, about $0.56M); Churton Drive (quiet street (30 km/h + filter), about $0.20M)."
Wellington Central,1085.94,137.28,11.76,32.9,180.71,26.57,839.76,8.82,5.53,106,Customhouse Quay,317.51,Hutt Road,282.76,Jervois Quay,276.43,Stout Street,Quiet street (30 km/h + filter),0.07,1.0,Manners Street,Quiet street (30 km/h + filter),0.05,2.0,Bowen Street,Protected lane,0.25,6.0,"12% of potential trips from Wellington Central (1,086 a weekday) have an all-ages route; 33% do for confident riders. The main blockers are Customhouse Quay, Hutt Road and Jervois Quay. Best-value fixes: Stout Street (quiet street (30 km/h + filter), about $0.07M); Manners Street (quiet street (30 km/h + filter), about $0.05M); Bowen Street (protected lane, about $0.25M)."
Thorndon,913.38,170.13,5.6,24.93,119.8,18.76,829.43,10.31,6.49,101,Tinakori Road,367.84,Hutt Road,296.85,Whitmore Street,258.49,Stout Street,Quiet street (30 km/h + filter),0.07,1.0,Bowen Street,Protected lane,0.25,6.0,Bunny Street,Protected lane,0.53,8.0,"6% of potential trips from Thorndon (913 a weekday) have an all-ages route; 25% do for confident riders, and 19% of trips to the CBD do. The main blockers are Tinakori Road, Hutt Road and Whitmore Street. Best-value fixes: Stout Street (quiet street (30 km/h + filter), about $0.07M); Bowen Street (protected lane, about $0.25M); Bunny Street (protected lane, about $0.53M)."
Wilton,840.2,157.38,1.17,6.88,142.82,3.7,801.28,11.57,7.64,70,Wilton Road,509.59,Churchill Drive,324.94,Wadestown Road,319.15,Chaytor Street,Protected lane,0.58,56.0,Mairangi Road,Quiet street (30 km/h + filter),0.29,97.0,Pembroke Road,Quiet street (30 km/h + filter),0.33,119.0,"1% of potential trips from Wilton (840 a weekday) have an all-ages route; 7% do for confident riders, and 4% of trips to the CBD do. The main blockers are Wilton Road, Churchill Drive and Wadestown Road. Best-value fixes: Chaytor Street (protected lane, about $0.58M); Mairangi Road (quiet street (30 km/h + filter), about $0.29M); Pembroke Road (quiet street (30 km/h + filter), about $0.33M)."
Strathmore Park,819.42,125.79,0.07,24.0,145.01,0.0,787.05,13.01,9.66,69,Broadway,959.73,Coutts Street,718.73,Salek Street,499.01,Strathavon Road,Quiet street (30 km/h + filter),0.11,36.0,Raukawa Street,Quiet street (30 km/h + filter),0.16,94.0,Glamis Avenue,Quiet street (30 km/h + filter),0.07,95.0,"0% of potential trips from Strathmore Park (819 a weekday) have an all-ages route; 24% do for confident riders, and 0% of trips to the CBD do. The main blockers are Broadway, Coutts Street and Salek Street. Best-value fixes: Strathavon Road (quiet street (30 km/h + filter), about $0.11M); Raukawa Street (quiet street (30 km/h + filter), about $0.16M); Glamis Avenue (quiet street (30 km/h + filter), about $0.07M)."
Wadestown,792.59,206.12,0.11,14.57,132.6,0.07,751.88,10.73,7.2,89,Wadestown Road,494.29,Grant Road,369.51,Murphy Street,351.37,Old Porirua Road,Quiet street (30 km/h + filter),0.26,27.0,Murphy Street,Protected lane,0.25,29.0,Sar Street,Quiet street (30 km/h + filter),0.17,35.0,"0% of potential trips from Wadestown (793 a weekday) have an all-ages route; 15% do for confident riders, and 0% of trips to the CBD do. The main blockers are Wadestown Road, Grant Road and Murphy Street. Best-value fixes: Old Porirua Road (quiet street (30 km/h + filter), about $0.26M); Murphy Street (protected lane, about $0.25M); Sar Street (quiet street (30 km/h + filter), about $0.17M)."
Grenada North,733.44,20.69,0.41,1.68,45.43,0.0,618.9,17.6,15.43,55,Middleton Road,869.72,Takapu Road,600.54,Jamaica Drive,527.36,Takapu Road,Protected lane,11.75,68.0,Bing Lucas Drive,Quiet street (30 km/h + filter),0.2,179.0,Middleton Road,Protected lane,6.72,188.0,"0% of potential trips from Grenada North (733 a weekday) have an all-ages route; 2% do for confident riders. The main blockers are Middleton Road, Takapu Road and Jamaica Drive. Best-value fixes: Takapu Road (protected lane, about $11.7M); Bing Lucas Drive (quiet street (30 km/h + filter), about $0.20M); Middleton Road (protected lane, about $6.7M)."
Ngaio,732.95,109.48,0.17,6.89,118.4,0.0,694.82,12.32,8.33,82,Ngaio Gorge Road,416.57,Kaiwharawhara Road,410.74,Kenya Street,351.21,Old Porirua Road,Quiet street (30 km/h + filter),0.26,27.0,Kaiwharawhara Road,Protected lane,0.27,59.0,Lucknow Terrace,Quiet street (30 km/h + filter),0.09,159.0,"0% of potential trips from Ngaio (733 a weekday) have an all-ages route; 7% do for confident riders, and 0% of trips to the CBD do. The main blockers are Ngaio Gorge Road, Kaiwharawhara Road and Kenya Street. Best-value fixes: Old Porirua Road (quiet street (30 km/h + filter), about $0.26M); Kaiwharawhara Road (protected lane, about $0.27M); Lucknow Terrace (quiet street (30 km/h + filter), about $0.09M)."
Takapu Valley,711.58,66.27,0.05,2.83,88.46,0.0,664.61,22.79,18.58,97,Takapu Road,477.41,Korokoro Road,384.43,London Road,382.23,Takapu Road,Protected lane,11.75,68.0,Bing Lucas Drive,Quiet street (30 km/h + filter),0.2,179.0,Bing Lucas Drive at ,Raised zebra / refuge,0.25,227.0,"0% of potential trips from Takapu Valley (712 a weekday) have an all-ages route; 3% do for confident riders, and 0% of trips to the CBD do. The main blockers are Takapu Road, Korokoro Road and London Road. Best-value fixes: Takapu Road (protected lane, about $11.7M); Bing Lucas Drive (quiet street (30 km/h + filter), about $0.20M); Bing Lucas Drive at  (raised zebra / refuge, about $0.25M)."
Grenada Village,704.76,93.91,0.03,19.01,65.5,0.0,679.93,16.71,12.15,59,Mark Avenue,462.24,Centennial Highway,374.71,Helston Road,349.8,Westchester Drive,Protected lane,3.53,158.0,Helston Road,Protected lane,3.13,178.0,Mark Avenue,Protected lane,3.75,180.0,"0% of potential trips from Grenada Village (705 a weekday) have an all-ages route; 19% do for confident riders, and 0% of trips to the CBD do. The main blockers are Mark Avenue, Centennial Highway and Helston Road. Best-value fixes: Westchester Drive (protected lane, about $3.5M); Helston Road (protected lane, about $3.1M); Mark Avenue (protected lane, about $3.7M)."
Hataitai,697.42,192.97,7.0,36.71,91.95,19.44,592.82,10.51,6.62,97,Wakefield Street,309.35,Mount Victoria Tunnel Shared Path,301.29,Jervois Quay,301.22,Rata Road,Quiet street (30 km/h + filter),0.1,17.0,Wakefield Street,Protected lane,1.42,18.0,Jervois Quay,Protected lane,1.94,21.0,"7% of potential trips from Hataitai (697 a weekday) have an all-ages route; 37% do for confident riders, and 19% of trips to the CBD do. The main blockers are Wakefield Street, Mount Victoria Tunnel Shared Path and Jervois Quay. Best-value fixes: Rata Road (quiet street (30 km/h + filter), about $0.10M); Wakefield Street (protected lane, about $1.4M); Jervois Quay (protected lane, about $1.9M)."
Berhampore,690.25,131.01,1.1,47.73,112.55,0.0,640.21,9.73,6.78,80,Newtown to City Cycleway,516.87,Adelaide Road,437.09,Wakefield Street,325.9,Adelaide Road,Protected lane,1.32,5.0,Wakefield Street,Protected lane,1.42,18.0,Russell Terrace,Protected lane,0.37,42.0,"1% of potential trips from Berhampore (690 a weekday) have an all-ages route; 48% do for confident riders, and 0% of trips to the CBD do. The main blockers are Newtown to City Cycleway, Adelaide Road and Wakefield Street. Best-value fixes: Adelaide Road (protected lane, about $1.3M); Wakefield Street (protected lane, about $1.4M); Russell Terrace (protected lane, about $0.37M)."
Maupuia,666.54,85.19,0.33,14.78,73.53,0.0,516.94,13.7,10.19,75,Cobham Dr to Rongotai Cycleway,436.0,Wellington Road,434.17,Hamilton Road,399.22,Rex Street,Quiet street (30 km/h + filter),0.1,30.0,Brussels Street,Quiet street (30 km/h + filter),0.1,34.0,Byron Street,Quiet street (30 km/h + filter),0.05,58.0,"0% of potential trips from Maupuia (667 a weekday) have an all-ages route; 15% do for confident riders, and 0% of trips to the CBD do. The main blockers are Cobham Dr to Rongotai Cycleway, Wellington Road and Hamilton Road. Best-value fixes: Rex Street (quiet street (30 km/h + filter), about $0.10M); Brussels Street (quiet street (30 km/h + filter), about $0.10M); Byron Street (quiet street (30 km/h + filter), about $0.05M)."
Paparangi,643.88,120.67,0.05,15.91,68.53,0.0,612.87,13.88,11.18,67,Helston Road,474.26,Centennial Highway,384.45,Hutt Road Shared Path,309.5,Bracken Road,Protected lane,1.41,105.0,Stewart Drive,Protected lane,1.86,143.0,Newlands Road,Protected lane,2.43,162.0,"0% of potential trips from Paparangi (644 a weekday) have an all-ages route; 16% do for confident riders, and 0% of trips to the CBD do. The main blockers are Helston Road, Centennial Highway and Hutt Road Shared Path. Best-value fixes: Bracken Road (protected lane, about $1.4M); Stewart Drive (protected lane, about $1.9M); Newlands Road (protected lane, about $2.4M)."
Owhiro Bay,611.15,80.75,0.01,1.83,64.04,0.0,580.49,18.02,11.32,51,Customhouse Quay,310.35,Happy Valley Road,291.79,Waterloo Quay,274.2,Customhouse Quay,Protected lane,1.37,67.0,Severn Street,Protected lane,1.79,83.0,The Esplanade,Protected lane,2.72,127.0,"0% of potential trips from Owhiro Bay (611 a weekday) have an all-ages route; 2% do for confident riders, and 0% of trips to the CBD do. The main blockers are Customhouse Quay, Happy Valley Road and Waterloo Quay. Best-value fixes: Customhouse Quay (protected lane, about $1.4M); Severn Street (protected lane, about $1.8M); The Esplanade (protected lane, about $2.7M)."
Pipitea,608.75,72.2,11.41,40.23,89.73,30.1,513.97,10.46,6.52,66,Hutt Road,206.35,Customhouse Quay,179.34,Jervois Quay,178.75,Stout Street,Quiet street (30 km/h + filter),0.07,1.0,Bowen Street,Protected lane,0.25,6.0,Bunny Street,Protected lane,0.53,8.0,"11% of potential trips from Pipitea (609 a weekday) have an all-ages route; 40% do for confident riders. The main blockers are Hutt Road, Customhouse Quay and Jervois Quay. Best-value fixes: Stout Street (quiet street (30 km/h + filter), about $0.07M); Bowen Street (protected lane, about $0.25M); Bunny Street (protected lane, about $0.53M)."
Rongotai,562.62,55.01,2.28,27.06,46.49,8.46,429.12,12.58,9.24,44,Hamilton Road,254.82,Kupe Street,254.45,Moxham Avenue,254.17,Miro Street,Quiet street (30 km/h + filter),0.11,7.0,Te Whiti Street,Quiet street (30 km/h + filter),0.05,14.0,Freyberg Street,Quiet street (30 km/h + filter),0.16,15.0,"2% of potential trips from Rongotai (563 a weekday) have an all-ages route; 27% do for confident riders. The main blockers are Hamilton Road, Kupe Street and Moxham Avenue. Best-value fixes: Miro Street (quiet street (30 km/h + filter), about $0.11M); Te Whiti Street (quiet street (30 km/h + filter), about $0.05M); Freyberg Street (quiet street (30 km/h + filter), about $0.16M)."
Lyall Bay,556.59,115.28,8.93,38.51,79.84,15.4,491.76,10.84,7.7,54,Kilbirnie Crescent,290.37,Hamilton Road,290.35,Kupe Street,289.73,Freyberg Street,Quiet street (30 km/h + filter),0.16,15.0,Hamilton Road,Protected lane,1.37,66.0,Sutherland Road,Quiet street (30 km/h + filter),0.32,70.0,"9% of potential trips from Lyall Bay (557 a weekday) have an all-ages route; 39% do for confident riders, and 15% of trips to the CBD do. The main blockers are Kilbirnie Crescent, Hamilton Road and Kupe Street. Best-value fixes: Freyberg Street (quiet street (30 km/h + filter), about $0.16M); Hamilton Road (protected lane, about $1.4M); Sutherland Road (quiet street (30 km/h + filter), about $0.32M)."
Ngauranga,543.56,69.08,0.4,43.0,56.16,0.0,512.32,10.93,7.99,70,Centennial Highway,274.86,Hutt Road Shared Path,268.08,Aotea Quay,186.88,Burma Road,Protected lane,2.44,100.0,Hutt Road,Protected lane,4.89,121.0,Haumia Street,Protected lane,1.07,123.0,"0% of potential trips from Ngauranga (544 a weekday) have an all-ages route; 43% do for confident riders, and 0% of trips to the CBD do. The main blockers are Centennial Highway, Hutt Road Shared Path and Aotea Quay. Best-value fixes: Burma Road (protected lane, about $2.4M); Hutt Road (protected lane, about $4.9M); Haumia Street (protected lane, about $1.1M)."
Kingston,488.58,68.1,0.12,4.95,47.72,0.0,471.76,15.53,9.33,31,Adelaide Road,249.77,Customhouse Quay,246.39,Priscilla Crescent,246.01,Adelaide Road,Protected lane,1.32,5.0,Customhouse Quay,Protected lane,1.37,67.0,Britomart Street,Protected lane,0.83,101.0,"0% of potential trips from Kingston (489 a weekday) have an all-ages route; 5% do for confident riders. The main blockers are Adelaide Road, Customhouse Quay and Priscilla Crescent. Best-value fixes: Adelaide Road (protected lane, about $1.3M); Customhouse Quay (protected lane, about $1.4M); Britomart Street (protected lane, about $0.83M)."
Aro Valley,475.38,87.81,0.19,11.47,81.7,0.26,453.12,9.15,5.95,58,Aro Street,398.64,Willis Street,213.66,Customhouse Quay,198.21,Devon Street,Quiet street (30 km/h + filter),0.09,3.0,Willis Street,Protected lane,2.0,20.0,The Terrace,Protected lane,3.2,39.0,"0% of potential trips from Aro Valley (475 a weekday) have an all-ages route; 11% do for confident riders, and 0% of trips to the CBD do. The main blockers are Aro Street, Willis Street and Customhouse Quay. Best-value fixes: Devon Street (quiet street (30 km/h + filter), about $0.09M); Willis Street (protected lane, about $2.0M); The Terrace (protected lane, about $3.2M)."
Makara,474.6,62.14,0.68,17.12,56.49,0.0,284.25,24.51,15.11,62,Makara Road,233.01,Allington Road,211.98,Karori Road,209.61,Karori Road,Protected lane,0.36,44.0,,,,,,,,,"1% of potential trips from Makara (475 a weekday) have an all-ages route; 17% do for confident riders, and 0% of trips to the CBD do. The main blockers are Makara Road, Allington Road and Karori Road. Best-value fixes: Karori Road (protected lane, about $0.36M)."
Northland,464.88,77.58,5.59,15.3,52.48,20.67,421.17,11.54,8.46,51,Orangi Kaupapa Road,263.57,Garden Road,228.34,Tinakori Road,179.41,Garden Road,Quiet street (30 km/h + filter),0.18,16.0,The Rigi,Quiet street (30 km/h + filter),0.08,22.0,Glenmore Street,Protected lane,0.28,48.0,"6% of potential trips from Northland (465 a weekday) have an all-ages route; 15% do for confident riders, and 21% of trips to the CBD do. The main blockers are Orangi Kaupapa Road, Garden Road and Tinakori Road. Best-value fixes: Garden Road (quiet street (30 km/h + filter), about $0.18M); The Rigi (quiet street (30 km/h + filter), about $0.08M); Glenmore Street (protected lane, about $0.28M)."
Crofton Downs,407.45,70.21,0.04,1.56,64.05,0.0,389.03,12.46,7.79,43,Churchill Drive,481.72,Waikowhai Street,183.76,Chartwell Drive,162.1,Wilton Road,Protected lane,3.83,176.0,Churchill Drive,Protected lane,0.99,187.0,Wadestown Road,Protected lane,3.29,194.0,"0% of potential trips from Crofton Downs (407 a weekday) have an all-ages route; 2% do for confident riders, and 0% of trips to the CBD do. The main blockers are Churchill Drive, Waikowhai Street and Chartwell Drive. Best-value fixes: Wilton Road (protected lane, about $3.8M); Churchill Drive (protected lane, about $0.99M); Wadestown Road (protected lane, about $3.3M)."
Karaka Bays,311.78,24.39,0.8,10.52,10.75,0.0,167.56,23.53,16.3,47,Tauhinu Road,153.64,Cobham Dr to Rongotai Cycleway,145.69,Wellington Road,145.37,Wellington Road,"Protected lane (state highway, NZTA)",1.89,79.0,Marine Parade,Quiet street (30 km/h + filter),0.25,86.0,Massey Road,Quiet street (30 km/h + filter),0.62,106.0,"1% of potential trips from Karaka Bays (312 a weekday) have an all-ages route; 11% do for confident riders. The main blockers are Tauhinu Road, Cobham Dr to Rongotai Cycleway and Wellington Road. Best-value fixes: Wellington Road (protected lane (state highway, nzta), about $1.9M); Marine Parade (quiet street (30 km/h + filter), about $0.25M); Massey Road (quiet street (30 km/h + filter), about $0.62M)."
Woodridge,283.78,46.39,0.7,7.39,27.39,0.0,267.29,13.83,11.07,48,Woodridge Drive,219.8,Horokiwi Road West,200.93,Newlands Road,162.87,Newlands Road,Protected lane,2.43,162.0,Woodridge Drive,Protected lane,1.37,181.0,Horokiwi Road West,Protected lane,1.23,206.0,"1% of potential trips from Woodridge (284 a weekday) have an all-ages route; 7% do for confident riders. The main blockers are Woodridge Drive, Horokiwi Road West and Newlands Road. Best-value fixes: Newlands Road (protected lane, about $2.4M); Woodridge Drive (protected lane, about $1.4M); Horokiwi Road West (protected lane, about $1.2M)."
Melrose,270.5,47.7,0.02,12.47,48.87,0.0,252.72,9.09,6.79,38,Manchester Street,192.04,Riddiford Street,186.58,Newtown to City Cycleway,178.91,Freyberg Street,Quiet street (30 km/h + filter),0.16,15.0,Sutherland Road,Quiet street (30 km/h + filter),0.32,70.0,Queens Drive,Protected lane,4.72,103.0,"0% of potential trips from Melrose (270 a weekday) have an all-ages route; 12% do for confident riders. The main blockers are Manchester Street, Riddiford Street and Newtown to City Cycleway. Best-value fixes: Freyberg Street (quiet street (30 km/h + filter), about $0.16M); Sutherland Road (quiet street (30 km/h + filter), about $0.32M); Queens Drive (protected lane, about $4.7M)."
Moa Point,251.19,25.46,0.0,24.43,51.28,0.0,242.4,12.61,9.37,25,Coutts Street,217.74,Moa Point Road,183.4,Tirangi Road,165.32,Moa Point Road,Protected lane,4.65,154.0,Coutts Street,Quiet street (30 km/h + filter),0.05,235.0,Stewart Duff Drive,Quiet street (30 km/h + filter),0.34,288.0,"0% of potential trips from Moa Point (251 a weekday) have an all-ages route; 24% do for confident riders, and 0% of trips to the CBD do. The main blockers are Coutts Street, Moa Point Road and Tirangi Road. Best-value fixes: Moa Point Road (protected lane, about $4.7M); Coutts Street (quiet street (30 km/h + filter), about $0.05M); Stewart Duff Drive (quiet street (30 km/h + filter), about $0.34M)."
Broadmeadows,246.68,37.26,0.01,15.86,32.13,0.0,237.58,11.94,9.49,28,Burma Road,180.42,John Sims Drive,172.36,Cashmere Avenue,112.91,Burma Road,Protected lane,2.44,100.0,Cashmere Avenue,Protected lane,1.91,153.0,Omar Street,Quiet street (30 km/h + filter),0.05,192.0,"0% of potential trips from Broadmeadows (247 a weekday) have an all-ages route; 16% do for confident riders. The main blockers are Burma Road, John Sims Drive and Cashmere Avenue. Best-value fixes: Burma Road (protected lane, about $2.4M); Cashmere Avenue (protected lane, about $1.9M); Omar Street (quiet street (30 km/h + filter), about $0.05M)."
Roseneath,217.6,60.76,15.03,39.28,34.87,50.89,175.3,9.76,7.09,22,Wakefield Street,101.47,Jervois Quay,99.96,Customhouse Quay,94.82,Wakefield Street,Protected lane,1.42,18.0,Jervois Quay,Protected lane,1.94,21.0,Alexandra Road,Quiet street (30 km/h + filter),0.53,47.0,"15% of potential trips from Roseneath (218 a weekday) have an all-ages route; 39% do for confident riders. The main blockers are Wakefield Street, Jervois Quay and Customhouse Quay. Best-value fixes: Wakefield Street (protected lane, about $1.4M); Jervois Quay (protected lane, about $1.9M); Alexandra Road (quiet street (30 km/h + filter), about $0.53M)."
Oriental Bay,215.61,37.37,21.41,46.43,41.95,58.32,162.17,8.47,5.65,27,Waterloo Quay,73.83,Wakefield Street,71.58,Aotea Quay,70.1,Wakefield Street,Protected lane,1.42,18.0,Chaffers Street,Protected lane,0.25,60.0,Courtenay Place,Protected lane,1.44,84.0,"21% of potential trips from Oriental Bay (216 a weekday) have an all-ages route; 46% do for confident riders. The main blockers are Waterloo Quay, Wakefield Street and Aotea Quay. Best-value fixes: Wakefield Street (protected lane, about $1.4M); Chaffers Street (protected lane, about $0.25M); Courtenay Place (protected lane, about $1.4M)."
