street,suburbs,length_m,godutch_cyc_km,ebike_cyc_km,census_cyc_km,local_cyc_km,godutch_trips,ebike_trips,census_trips,max_adt,speed,facility_now,painted_share,one_way_share,road,plan,plan_share,rank,rank_local,rank_census
Middleton Road,"Glenside, Churton Park, Johnsonville",4197.1,6509.42,14169.83,255.04,5988.61,1550.93,3376.1,60.76,6985.0,50.0,mixed,0.0,0.0,secondary,Planned (WCC),1.0,1,1,6
Takapu Road,"Tawa, Grenada North, Takapu Valley",5792.35,6203.14,10917.67,19.79,3691.18,1070.92,1884.84,3.42,17549.0,60.0,mixed,0.0,0.0,secondary,Not in plan,0.9,2,2,144
Willis Street,"Te Aro, Wellington Central, Aro Valley",1232.61,2294.96,3481.45,359.69,802.37,1861.87,2824.45,291.81,11034.0,30.0,mixed,0.0,0.0,secondary,Unfunded (ex-LGWM),0.93,3,4,2
The Terrace,Wellington Central,689.85,1814.83,3012.54,681.38,1023.73,2748.06,4561.39,1027.09,14579.0,30.0,mixed,0.0,0.05,secondary,Unfunded (ex-LGWM),1.0,4,3,1
Victoria Street,"Te Aro, Wellington Central, Mt Cook",1179.15,1244.88,1870.27,220.86,465.8,1425.35,2120.63,245.82,12326.0,30.0,sharrow,0.11,0.26,secondary,Unfunded (ex-LGWM),0.92,5,9,8
Park Road,Miramar,1262.18,1196.34,1461.8,141.7,293.79,947.84,1158.15,112.27,11691.0,50.0,mixed,0.0,0.0,tertiary,Planned (WCC),1.0,6,23,21
Burma Road,"Broadmeadows, Khandallah, Johnsonville",1526.41,1116.19,1713.6,106.05,375.9,731.25,1122.64,69.48,14678.0,50.0,mixed,0.0,0.0,secondary,Planned (WCC),1.0,7,15,29
Riddiford Street,Newtown,609.74,959.95,1354.06,200.08,347.14,1691.62,2391.52,354.69,14904.0,40.0,mixed,0.0,0.03,secondary,Planned (WCC),0.97,8,18,10
Takapu Road,,633.43,940.66,1115.46,0.4,174.64,1485.03,1760.99,0.63,500.0,110.0,mixed,0.0,0.0,unclassified,Not in plan,1.0,9,45,204
Mein Street,Newtown,554.87,934.16,1389.9,186.76,366.13,1683.56,2504.9,336.58,6744.0,40.0,mixed,0.0,0.0,tertiary,Not in plan,1.0,10,17,11
Daniell Street,Newtown,643.93,925.65,1378.41,207.66,373.04,1477.48,2197.76,333.65,5000.0,40.0,mixed,0.0,0.2,residential,Not in plan,1.0,11,16,9
Rintoul Street,Newtown,208.66,903.07,1337.59,312.3,414.41,6186.71,9163.98,2171.38,3892.0,50.0,sharrow,0.0,0.66,secondary,Unfunded (ex-LGWM),1.0,12,13,3
Rongotai Road,Kilbirnie,249.63,898.99,1387.83,182.29,386.55,3601.32,5559.56,730.22,8079.0,30.0,sharrow,0.0,0.0,secondary,Planned (WCC),1.0,13,14,12
Broadway,"Strathmore Park, Miramar",610.54,852.41,1215.38,172.89,292.36,1396.16,1990.67,283.17,9964.0,50.0,mixed,0.0,0.0,secondary,Planned (WCC),1.0,14,24,14
Willowbank Road,Tawa,463.08,849.16,1784.64,28.35,731.34,1833.74,3853.88,61.22,4184.0,50.0,mixed,0.0,0.0,secondary,Planned (WCC),1.0,15,5,113
Helston Road,"Johnsonville, Paparangi",1110.76,833.58,1613.27,50.85,478.15,750.46,1452.4,45.78,14060.0,50.0,mixed,0.0,0.0,tertiary,Planned (WCC),1.0,16,8,68
Tauhinu Road,Miramar,471.41,801.21,1050.41,128.2,255.42,1699.62,2228.25,271.94,7970.0,50.0,mixed,0.0,0.0,residential,Not in plan,1.0,17,27,24
Newlands Road,Newlands,723.89,750.75,1477.96,101.45,490.74,1037.11,2041.71,140.15,15669.0,50.0,mixed,0.0,0.0,secondary,Planned (WCC),1.0,18,7,33
Courtenay Place,Te Aro,675.8,724.72,939.0,120.64,194.17,1072.38,1389.46,178.51,8700.0,30.0,bus_lane,0.97,0.0,tertiary,Unfunded (ex-LGWM),1.0,19,41,25
Ghuznee Street,Te Aro,550.75,715.67,975.02,61.09,184.32,1299.45,1770.35,110.92,12835.0,30.0,mixed,0.0,0.0,secondary,Not in plan,0.54,20,44,56
Dixon Street,Te Aro,538.53,676.27,953.56,102.07,202.81,1255.78,1770.68,189.54,5000.0,30.0,mixed,0.0,0.0,tertiary,Unfunded (ex-LGWM),0.91,21,34,32
Johnsonville Road,Johnsonville,399.52,665.65,1418.74,59.99,553.92,1666.12,3551.11,150.14,19980.0,50.0,painted_lane,1.0,0.0,secondary,Planned (WCC),0.87,22,6,58
Tasman Street,Mt Cook,346.48,640.21,970.79,114.68,241.14,1847.76,2801.88,330.98,6500.0,50.0,mixed,0.0,0.0,tertiary,Planned (WCC),0.52,23,30,27
Taranaki Street,"Te Aro, Wellington Central",600.42,622.57,810.68,46.12,150.04,1036.89,1350.18,76.82,15000.0,50.0,mixed,0.0,0.0,secondary,Unfunded (ex-LGWM),0.64,24,55,77
Tory Street,Te Aro,832.83,612.78,830.32,85.1,168.66,735.78,996.98,102.18,8680.0,30.0,mixed,0.0,0.0,tertiary,Planned (WCC),0.58,25,46,44
Para Street,Miramar,577.68,604.13,726.19,70.55,120.09,1045.79,1257.09,122.13,6035.0,50.0,mixed,0.0,0.0,tertiary,Not in plan,1.0,26,72,52
Karori Road,Karori,326.18,595.25,1144.5,259.05,418.81,1922.43,3694.39,836.15,19667.0,40.0,sharrow,0.46,0.1,secondary,Unfunded (ex-LGWM),1.0,27,12,5
Boulcott Street,"Wellington Central, Mt Victoria, Kelburn",497.88,590.9,1009.31,89.25,242.46,1186.83,2027.22,179.26,7268.0,30.0,mixed,0.0,0.0,tertiary,Not in plan,0.77,28,29,41
Chaytor Street,"Kelburn, Northland, Karori",380.43,574.43,1120.26,281.48,433.09,1543.94,3009.0,752.55,18846.0,50.0,painted_lane,0.94,0.13,secondary,Unfunded (ex-LGWM),0.96,29,10,4
Main Road,Tawa,921.51,570.04,786.13,11.6,158.14,618.59,853.09,12.59,17488.0,50.0,mixed,0.0,0.0,secondary,Not in plan,0.96,30,50,161
Stewart Drive,"Johnsonville, Newlands",653.19,566.67,1077.49,34.87,317.78,867.55,1649.58,53.38,7076.0,50.0,mixed,0.0,0.0,tertiary,Planned (WCC),1.0,31,22,103
Upland Road,"Kelburn, Northland",973.73,564.83,1131.39,137.33,342.76,580.07,1161.92,141.04,10891.0,50.0,mixed,0.0,0.0,secondary,Planned (WCC),1.0,32,20,22
Onslow Road,Khandallah,1267.55,559.02,883.93,159.98,267.57,441.02,697.35,126.21,5939.0,50.0,mixed,0.0,0.0,secondary,Not in plan,1.0,33,25,17
Customhouse Quay,Wellington Central,180.05,489.49,745.38,102.27,198.09,2718.59,4139.8,567.99,4870.0,30.0,mixed,0.0,0.0,secondary,Desired only,1.0,34,39,31
Collins Avenue,Tawa,777.44,487.17,721.98,1.48,152.29,626.63,928.66,1.9,8510.0,50.0,mixed,0.0,0.0,tertiary,Not in plan,1.0,35,54,200
Aro Street,Aro Valley,388.84,468.64,843.2,97.45,244.21,1575.91,2804.65,334.8,11995.0,30.0,sharrow,0.17,0.56,secondary,Planned (WCC),1.0,36,28,37
Karori Road,Karori,227.48,458.33,816.85,163.42,266.67,2014.85,3590.92,718.41,14793.0,30.0,sharrow,0.0,0.0,secondary,Unfunded (ex-LGWM),1.0,37,26,15
Bracken Road,"Paparangi, Newlands",778.84,457.55,700.52,15.49,144.27,587.48,899.44,19.89,9721.0,50.0,mixed,0.0,0.0,tertiary,Planned (WCC),1.0,38,58,149
Coromandel Street,Newtown,79.58,455.66,712.15,102.92,202.86,5725.65,8948.52,1293.26,3880.0,40.0,mixed,0.0,0.0,tertiary,Planned (WCC),1.0,39,33,30
Raroa Road,"Aro Valley, Kelburn",1080.89,455.53,870.8,175.53,346.54,421.44,805.63,162.39,7670.0,50.0,sharrow,0.0,0.0,secondary,Planned (WCC),1.0,40,19,13
Ohiro Road,"Brooklyn, Aro Valley",1338.17,451.39,1018.02,223.32,421.57,354.95,801.37,176.98,12695.0,50.0,mixed,0.0,0.09,secondary,Not in plan,0.68,41,11,7
Darlington Road,Miramar,766.89,443.02,544.55,72.56,114.47,577.68,710.08,94.62,6035.0,50.0,mixed,0.0,0.0,tertiary,Not in plan,1.0,42,78,50
Adelaide Road,"Berhampore, Newtown",104.22,432.37,634.03,151.22,197.35,4148.5,6083.28,1450.96,14240.0,40.0,sharrow,0.0,0.0,secondary,Unfunded (ex-LGWM),1.0,43,40,19
Whitmore Street,Wellington Central,84.42,432.17,643.83,133.18,198.65,7228.15,10745.33,2198.61,9199.0,30.0,painted_lane,1.0,0.49,secondary,Planned (WCC),1.0,44,38,23
Severn Street,Island Bay,575.12,419.57,677.73,155.08,228.0,729.54,1178.42,269.65,3240.0,50.0,mixed,0.0,0.0,tertiary,Not in plan,1.0,45,31,18
Maupuia Road,"Maupuia, Miramar",618.99,416.36,626.55,49.61,156.06,672.64,1012.21,80.14,2778.0,50.0,mixed,0.0,0.0,residential,Not in plan,1.0,46,52,69
Glanmire Road,Newlands,635.3,410.77,888.16,62.53,319.27,646.57,1398.01,98.42,2511.0,50.0,mixed,0.0,0.0,tertiary,Not in plan,1.0,47,21,55
Featherston Street,"Pipitea, Wellington Central",242.59,404.41,587.22,100.38,157.84,1667.02,2420.59,413.77,7923.0,30.0,sharrow,0.41,0.0,secondary,Unfunded (ex-LGWM),1.0,48,51,35
Wakefield Street,Te Aro,438.46,396.25,529.49,47.25,109.18,903.75,1207.63,107.75,14720.0,30.0,mixed,0.0,0.0,tertiary,Desired only,0.41,49,80,74
Webb Street,"Mt Cook, Te Aro",289.69,386.51,673.18,71.63,193.8,1334.23,2323.8,247.28,11113.0,50.0,mixed,0.0,0.0,secondary,Not in plan,0.73,50,42,51
Horokiwi Road West,Newlands,766.94,385.89,702.99,25.42,191.69,503.15,916.62,33.15,9890.0,50.0,mixed,0.0,0.0,tertiary,Not in plan,1.0,51,43,123
Mark Avenue,"Paparangi, Grenada Village",918.69,385.49,696.15,8.68,201.08,419.61,757.77,9.45,2871.0,50.0,mixed,0.0,0.0,tertiary,Planned (WCC),1.0,52,36,171
Abel Smith Street,"Te Aro, Aro Valley",370.48,373.33,609.92,56.49,155.71,1059.61,1720.78,156.18,4040.0,30.0,mixed,0.0,0.12,tertiary,Not in plan,1.0,53,53,62
Ira Street,Miramar,125.44,370.87,515.94,76.34,122.52,2956.48,4113.0,608.57,5942.0,30.0,mixed,0.0,0.0,secondary,Planned (WCC),1.0,54,70,47
Monorgan Road,Strathmore Park,356.68,342.5,432.16,44.52,74.42,960.27,1211.63,124.81,4419.0,50.0,mixed,0.0,0.0,residential,Not in plan,1.0,55,104,80
Miramar Avenue,Miramar,545.54,336.85,409.16,42.13,76.32,617.45,750.01,77.22,12920.0,30.0,mixed,0.0,0.0,secondary,Planned (WCC),0.54,56,101,82
Waikowhai Street,Ngaio,667.44,336.82,643.88,110.31,199.35,504.65,964.7,165.28,10489.0,50.0,sharrow,0.0,0.0,secondary,Planned (WCC),1.0,57,37,28
Hamilton Road,Hataitai,189.17,334.35,466.83,38.0,102.11,1767.48,2467.84,200.87,6708.0,50.0,mixed,0.0,0.0,tertiary,Unfunded (ex-LGWM),1.0,58,83,93
Wellington Road,Hataitai,371.89,328.22,456.09,36.24,99.11,882.56,1226.42,97.44,17506.0,50.0,mixed,0.0,0.0,State highway,Unfunded (ex-LGWM),1.0,59,85,98
Broderick Road,Johnsonville,647.42,321.16,533.03,34.23,129.85,496.06,823.31,52.88,10242.0,50.0,mixed,0.34,0.0,tertiary,Planned (WCC),0.66,60,66,105
Pirie Street,Mt Victoria,227.98,318.1,474.11,73.43,116.68,1395.29,2079.61,322.1,4060.0,50.0,mixed,0.0,0.0,tertiary,Not in plan,1.0,61,74,49
Awa Road,Miramar,538.59,312.65,471.74,69.42,122.95,580.5,875.88,128.89,3400.0,50.0,mixed,0.0,0.0,tertiary,Not in plan,1.0,62,69,53
Majoribanks Street,Mt Victoria,405.23,307.69,476.49,94.42,149.06,759.31,1175.84,233.01,6380.0,50.0,mixed,0.0,0.0,tertiary,Not in plan,1.0,63,56,38
Bassett Road,Johnsonville,205.39,306.3,578.72,22.55,164.56,1491.26,2817.6,109.77,5383.0,50.0,mixed,0.0,0.0,tertiary,Not in plan,1.0,64,48,134
Garden Road,Northland,422.82,291.85,584.53,162.32,220.94,690.25,1382.44,383.89,2960.0,50.0,mixed,0.0,0.0,residential,Not in plan,1.0,65,32,16
Hobart Street,Miramar,313.13,285.85,322.38,20.4,40.02,912.87,1029.52,65.15,2240.0,50.0,mixed,0.0,0.0,residential,Planned (WCC),1.0,66,150,143
Cashmere Avenue,Khandallah,420.36,276.25,516.34,75.45,162.75,657.19,1228.33,179.49,5900.0,50.0,mixed,0.0,0.0,secondary,Planned (WCC),1.0,67,49,48
Ellice Street,Mt Victoria,171.13,261.42,388.73,40.17,89.22,1527.62,2271.6,234.76,2900.0,50.0,mixed,0.0,0.0,residential,Unfunded (ex-LGWM),1.0,68,86,89
Birdwood Street,Karori,531.18,259.44,492.17,146.88,202.61,1340.46,2555.47,740.44,4390.0,50.0,mixed,0.0,1.0,tertiary,Planned (WCC),1.0,69,35,20
Kaiwharawhara Road,Kaiwharawhara,83.93,254.85,473.19,99.71,168.37,3036.28,5637.68,1187.99,12374.0,50.0,bus_lane,1.0,0.0,secondary,Planned (WCC),1.0,70,47,36
Mulgrave Street,"Pipitea, Thorndon",127.25,244.84,373.05,51.41,101.66,1924.02,2931.56,403.96,12659.0,50.0,sharrow,0.0,0.0,secondary,Planned (WCC),1.0,71,84,67
Clutha Avenue,Khandallah,326.15,244.64,380.66,37.03,80.86,750.08,1167.15,113.54,2306.0,50.0,mixed,0.0,0.0,tertiary,Not in plan,1.0,72,95,96
Bowen Street,Wellington Central,67.93,238.49,403.71,87.72,140.57,6854.9,11603.33,2554.95,11240.0,30.0,mixed,0.0,1.0,secondary,Unfunded (ex-LGWM),1.0,73,59,42
Westchester Drive,"Churton Park, Glenside",830.81,236.59,412.25,4.11,127.57,284.77,496.2,4.94,8283.0,50.0,mixed,0.0,0.0,tertiary,Planned (WCC),1.0,74,67,181
Tinakori Road,Thorndon,568.76,234.32,362.63,27.84,104.41,411.98,637.59,48.95,11912.0,50.0,mixed,0.28,0.0,secondary,Not in plan,0.72,75,81,116
Haumia Street,Johnsonville,301.45,231.73,407.32,34.17,109.9,768.72,1351.2,113.35,3002.0,50.0,mixed,0.0,0.0,residential,Not in plan,0.92,76,79,106
Halswater Drive,Churton Park,476.95,228.66,431.19,9.77,133.05,479.42,904.07,20.48,4800.0,50.0,mixed,0.0,0.0,tertiary,Not in plan,1.0,77,62,167
Duncan Street,Tawa,337.66,224.87,284.25,7.86,50.5,665.95,841.81,23.28,2721.0,50.0,mixed,0.0,0.0,tertiary,Planned (WCC),1.0,78,136,175
Akaroa Drive,Maupuia,466.84,209.08,320.62,24.82,77.22,447.86,686.77,53.17,2857.0,50.0,mixed,0.0,0.0,residential,Not in plan,1.0,79,100,125
Vivian Street,Te Aro,419.41,208.63,329.12,23.88,71.09,497.44,784.73,56.94,26556.0,50.0,mixed,0.0,0.0,State highway,Not in plan,0.84,80,110,128
Melksham Drive,Churton Park,549.94,202.53,389.13,10.47,115.52,368.28,707.58,19.03,3412.0,50.0,mixed,0.0,0.0,residential,Not in plan,1.0,81,76,165
Owen Street,Newtown,170.66,202.29,296.53,59.9,83.26,1185.31,1737.55,350.97,1930.0,40.0,mixed,0.0,0.0,residential,Not in plan,1.0,82,92,59
Lyall Parade,Lyall Bay,499.76,200.11,241.65,35.22,47.11,400.42,483.53,70.47,10200.0,30.0,mixed,0.0,0.0,secondary,Planned (WCC),1.0,83,141,102
Agra Crescent,Khandallah,261.59,199.68,314.36,24.88,69.37,763.31,1201.69,95.13,2090.0,50.0,mixed,0.0,0.0,tertiary,Not in plan,1.0,84,113,124
Ngatitoa Street,Tawa,453.44,195.89,287.01,7.24,52.07,432.01,632.95,15.97,2041.0,50.0,mixed,0.0,0.0,tertiary,Not in plan,1.0,85,132,176
Braithwaite Street,Karori,393.98,195.17,363.88,100.65,140.38,915.36,1723.34,474.58,4700.0,50.0,mixed,0.0,0.52,tertiary,Planned (WCC),0.62,86,60,34
Manchester Street,Melrose,608.15,193.86,331.77,119.64,147.98,318.78,545.54,196.73,2090.0,50.0,mixed,0.0,0.0,tertiary,Not in plan,1.0,87,57,26
Ludlam Street,Seatoun,323.09,188.84,276.69,37.55,68.87,584.47,856.4,116.23,1929.0,50.0,mixed,0.0,0.0,residential,Not in plan,1.0,88,114,95
Churchill Drive,Crofton Downs,598.58,188.38,392.94,76.55,135.33,314.71,656.45,127.89,10173.0,50.0,mixed,0.0,0.0,secondary,Planned (WCC),1.0,89,61,46
Stewart Duff Drive,"Miramar, Rongotai, Strathmore Park",419.58,182.73,219.54,20.96,36.76,435.5,523.24,49.96,500.0,50.0,mixed,0.0,0.0,unclassified,Not in plan,1.0,90,157,141
McLellan Street,Tawa,208.76,177.45,233.38,2.36,44.03,1266.49,1719.28,13.89,2710.0,50.0,mixed,0.0,0.24,tertiary,Planned (WCC),1.0,91,144,194
Moorefield Road,Johnsonville,149.73,176.86,304.51,15.13,78.44,1181.21,2033.81,101.07,12923.0,50.0,mixed,0.0,0.0,secondary,Unfunded (ex-LGWM),1.0,92,98,150
Taurima Street,Hataitai,87.13,175.71,284.56,47.77,80.93,2016.62,3265.83,548.21,5887.0,30.0,sharrow,0.0,0.0,tertiary,Unfunded (ex-LGWM),1.0,93,94,73
Bolton Street,"Kelburn, Wellington Central",375.73,175.38,346.56,45.08,115.44,466.77,922.37,119.98,2030.0,50.0,mixed,0.0,0.0,tertiary,Not in plan,1.0,94,77,79
Kelburn Parade,Kelburn,358.97,173.45,418.73,12.62,130.9,483.2,1166.49,35.14,12623.0,50.0,mixed,0.0,0.25,secondary,Planned (WCC),1.0,95,63,156
Johnston Street,Wellington Central,90.83,172.23,251.51,57.65,75.2,1896.27,2769.11,634.76,20604.0,40.0,mixed,0.0,0.0,unclassified,Not in plan,0.86,96,103,61
Karori Tunnel,Northland,78.01,169.81,328.83,92.34,130.19,2176.64,4215.09,1183.58,17127.0,50.0,sharrow,0.0,0.0,secondary,Unfunded (ex-LGWM),1.0,97,65,39
The Rigi,Northland,108.95,168.45,320.62,89.98,121.85,1546.17,2942.92,825.88,2310.0,50.0,mixed,0.0,0.0,residential,Not in plan,1.0,98,71,40
Moxham Avenue,Hataitai,229.58,165.53,272.4,46.42,77.83,721.01,1186.5,202.2,8404.0,30.0,sharrow,0.0,0.0,tertiary,Unfunded (ex-LGWM),0.7,99,99,76
Raroa Crescent,Northland,246.62,164.99,321.52,64.66,127.01,669.0,1303.7,262.18,7508.0,50.0,mixed,0.0,0.0,secondary,Planned (WCC),1.0,100,68,54
South Karori Road,Karori,492.07,162.06,274.63,54.73,85.22,329.34,558.11,111.21,2530.0,50.0,sharrow,0.0,0.0,tertiary,Planned (WCC),1.0,101,90,65
Tinakori Road,Thorndon,405.87,159.92,268.9,40.72,74.28,394.02,662.52,100.33,12502.0,30.0,mixed,0.0,0.0,secondary,Planned (WCC),0.81,102,105,86
Adelaide Road,Newtown,182.77,159.53,265.45,55.12,82.06,872.82,1452.32,301.59,10842.0,50.0,mixed,0.0,0.0,secondary,Not in plan,1.0,103,93,64
Curtis Street,Northland,489.06,157.92,344.45,85.69,130.68,322.89,704.3,175.21,7217.0,50.0,mixed,0.0,0.0,secondary,Planned (WCC),1.0,104,64,43
Plunket Street,Kelburn,359.38,156.77,323.92,40.37,102.54,436.21,901.32,112.34,2170.0,50.0,mixed,0.0,0.0,tertiary,Not in plan,0.85,105,82,88
Salamanca Road,"Kelburn, Wellington Central",403.04,156.68,366.95,22.31,119.29,388.75,910.47,55.35,12111.0,50.0,mixed,0.0,0.0,tertiary,Not in plan,0.89,106,73,136
Mark Avenue,Grenada Village,608.48,152.59,279.92,2.75,86.71,250.77,460.03,4.53,3035.0,50.0,mixed,0.0,0.0,tertiary,Planned (WCC),1.0,107,89,189
Oxford Street,Tawa,279.58,151.81,181.41,2.71,27.37,542.99,648.86,9.69,2130.0,50.0,mixed,0.0,0.0,unclassified,Planned (WCC),1.0,108,175,191
Elizabeth Street,Mt Victoria,213.56,150.86,205.27,22.99,41.63,706.37,961.14,107.64,3100.0,50.0,mixed,0.0,0.0,tertiary,Not in plan,1.0,109,147,132
Glenmore Street,Kelburn,245.38,148.44,292.08,79.43,116.43,1116.77,2136.65,597.81,15941.0,50.0,sharrow,0.0,0.75,secondary,Unfunded (ex-LGWM),1.0,110,75,45
Priscilla Crescent,"Mornington, Kingston",324.17,141.61,257.89,57.95,86.75,436.84,795.54,178.76,2010.0,50.0,mixed,0.0,0.0,tertiary,Not in plan,1.0,111,88,60
Wha Street,Lyall Bay,249.45,141.48,197.38,38.64,52.0,567.18,791.24,154.88,1630.0,50.0,mixed,0.0,0.0,tertiary,Not in plan,1.0,112,133,91
Seatoun Tunnel,Strathmore Park,143.91,141.47,205.17,27.89,49.75,983.07,1425.73,193.81,6500.0,50.0,sharrow,0.0,0.0,secondary,Planned (WCC),1.0,113,138,115
Hataitai Road,Hataitai,334.68,139.39,232.31,48.4,70.77,416.48,694.14,144.6,2627.0,50.0,mixed,0.0,0.0,tertiary,Not in plan,1.0,114,111,72
Humber Street,Island Bay,116.18,135.61,206.06,48.63,66.74,1167.27,1773.67,418.61,1960.0,50.0,mixed,0.0,0.0,tertiary,Not in plan,1.0,115,117,71
Tawa Street,Tawa,190.02,135.15,200.62,4.31,48.52,711.24,1055.8,22.66,4680.0,50.0,mixed,0.0,0.0,tertiary,Not in plan,1.0,116,139,180
Childers Terrace,Kilbirnie,276.7,133.13,185.59,35.72,50.43,481.13,670.74,129.1,8222.0,50.0,mixed,0.0,0.0,residential,Planned (WCC),1.0,117,137,99
Nicholson Road,Khandallah,207.57,132.5,213.6,22.65,52.31,638.37,1029.06,109.14,3025.0,50.0,mixed,0.0,0.0,residential,Not in plan,1.0,118,131,133
Woodridge Drive,Woodridge,354.99,130.59,251.53,14.5,75.89,367.88,708.56,40.84,3950.0,50.0,mixed,0.0,0.0,residential,Not in plan,1.0,119,102,152
Tirangi Road,Rongotai,226.21,130.35,151.98,13.35,21.83,576.23,671.82,59.02,10188.0,50.0,mixed,0.0,0.0,tertiary,Not in plan,1.0,120,181,154
Queens Drive,Lyall Bay,379.09,128.94,178.49,35.32,46.25,340.14,470.85,93.16,10299.0,50.0,mixed,0.0,0.0,secondary,Planned (WCC),1.0,121,143,101
Waitoa Road,Hataitai,248.42,128.25,211.79,41.53,61.81,516.26,852.55,167.16,4307.0,50.0,sharrow,0.0,0.0,tertiary,Not in plan,1.0,122,121,85
Paterson Street,Mt Victoria,109.54,127.54,202.5,27.76,59.35,1164.32,1848.53,253.43,38328.0,50.0,mixed,0.0,0.0,State highway,Not in plan,1.0,123,124,117
Jervois Quay,Wellington Central,183.13,127.5,182.52,39.61,51.41,696.19,996.66,216.29,16064.0,50.0,mixed,0.0,0.0,primary,Desired only,1.0,124,135,90
Hutchison Road,Mt Cook,189.78,126.86,233.8,52.98,84.79,668.46,1231.94,279.19,4000.0,50.0,mixed,0.0,0.24,tertiary,Unfunded (ex-LGWM),0.51,125,91,66
Friend Street,Karori,394.82,124.64,219.55,41.86,66.99,315.69,556.09,106.04,1830.0,50.0,sharrow,0.0,0.0,tertiary,Planned (WCC),1.0,126,116,83
John Street,"Mt Cook, Newtown",164.86,123.19,204.03,35.46,61.37,747.24,1237.58,215.11,21727.0,50.0,mixed,0.0,0.0,secondary,Unfunded (ex-LGWM),1.0,127,123,100
Fraser Avenue,Johnsonville,282.34,120.79,243.6,22.49,73.78,427.81,862.78,79.65,4711.0,50.0,mixed,0.0,0.0,residential,Not in plan,1.0,128,106,135
Cockayne Road,Khandallah,201.4,119.59,200.35,27.56,53.2,593.77,994.78,136.86,3944.0,50.0,mixed,0.0,0.0,tertiary,Not in plan,1.0,129,130,118
Main Road,Tawa,194.98,118.4,170.03,2.4,41.3,607.26,872.06,12.32,19040.0,50.0,mixed,0.0,0.0,secondary,Not in plan,1.0,130,149,192
Stone Street,Miramar,307.76,117.77,136.57,7.92,19.31,382.66,443.74,25.72,2484.0,50.0,mixed,0.0,0.0,residential,Not in plan,1.0,131,185,174
Lambton Quay,"Pipitea, Wellington Central",180.54,116.87,236.75,42.55,88.59,647.33,1311.31,235.67,3110.0,30.0,mixed,0.0,0.0,tertiary,Planned (WCC),0.59,132,87,81
Park Street,Thorndon,127.79,116.25,215.41,45.69,69.59,1395.05,2589.42,547.7,8279.0,50.0,sharrow,0.32,0.68,tertiary,Planned (WCC),1.0,133,112,78
Goa Street,Hataitai,74.01,115.27,167.56,13.68,39.04,1557.46,2263.96,184.9,1720.0,50.0,mixed,0.0,0.0,residential,Not in plan,1.0,134,152,153
Linden Avenue,Tawa,204.78,114.89,164.35,0.74,32.06,561.07,802.58,3.63,8510.0,50.0,mixed,0.0,0.0,tertiary,Not in plan,1.0,135,167,202
Queens Drive,"Lyall Bay, Kilbirnie",253.29,114.69,154.08,37.89,46.32,452.8,608.3,149.61,6500.0,50.0,mixed,0.0,0.0,residential,Not in plan,0.62,136,142,94
Mount Albert Road,Berhampore,204.51,112.84,195.05,60.25,79.11,551.76,953.71,294.61,3111.0,50.0,mixed,0.0,0.0,tertiary,Not in plan,1.0,137,97,57
Moselle Street,Island Bay,112.67,111.44,173.45,40.61,56.92,989.03,1539.41,360.44,4000.0,50.0,mixed,0.0,0.0,tertiary,Not in plan,1.0,138,127,87
Hall Street,Newtown,182.48,109.8,189.16,25.59,54.29,601.71,1036.57,140.24,4280.0,50.0,mixed,0.0,0.0,residential,Not in plan,1.0,139,129,122
Black Rock Road,Newlands,125.32,108.58,227.28,15.5,79.98,866.42,1813.54,123.66,3080.0,50.0,mixed,0.0,0.0,tertiary,Not in plan,1.0,140,96,148
Halifax Street,Kingston,409.25,105.47,205.22,47.09,72.94,257.72,501.45,115.06,1710.0,50.0,mixed,0.0,0.0,tertiary,Not in plan,1.0,141,108,75
Houghton Bay Road,Houghton Bay,395.38,102.4,181.93,55.79,73.7,259.0,460.14,141.1,1753.0,50.0,mixed,0.0,0.0,residential,Not in plan,1.0,142,107,63
Brougham Street,Mt Victoria,78.02,99.68,152.03,24.32,38.69,1277.67,1948.66,311.68,1620.0,50.0,mixed,0.0,0.0,residential,Not in plan,1.0,143,153,127
Mercer Street,Wellington Central,83.0,99.36,139.93,11.55,27.89,1197.18,1685.98,139.21,3980.0,30.0,mixed,0.0,0.0,tertiary,Not in plan,0.68,144,173,162
Northland Road,Northland,310.9,99.03,196.39,38.6,64.8,318.53,631.68,124.15,4600.0,30.0,mixed,0.0,0.0,tertiary,Planned (WCC),1.0,145,118,92
Crofton Road,Ngaio,156.21,96.52,182.83,33.28,58.11,897.84,1705.14,313.07,8113.0,30.0,sharrow,0.0,0.64,secondary,Planned (WCC),1.0,146,125,107
Glasgow Street,Kelburn,311.87,94.72,201.6,10.52,63.06,303.72,646.43,33.73,10174.0,50.0,mixed,0.0,0.0,secondary,Planned (WCC),1.0,147,119,164
Ottawa Road,Ngaio,345.96,92.57,183.42,36.94,61.52,267.56,530.18,106.76,12431.0,50.0,sharrow,0.0,0.0,secondary,Planned (WCC),1.0,148,122,97
Wexford Road,Miramar,80.15,91.3,103.35,8.21,14.41,1139.11,1289.4,102.39,1530.0,50.0,mixed,0.0,0.0,residential,Planned (WCC),0.8,149,194,173
Old Karori Road,Karori,329.8,90.43,199.47,49.18,72.2,289.91,639.21,157.54,5000.0,50.0,mixed,0.0,0.11,residential,Not in plan,0.74,150,109,70
Wilberforce Street,Miramar,193.22,89.37,126.06,21.06,30.83,462.5,652.42,109.0,1820.0,50.0,mixed,0.0,0.0,residential,Not in plan,1.0,151,171,139
Constable Street,Newtown,219.68,88.33,126.37,15.59,30.9,402.07,575.22,70.98,9945.0,50.0,mixed,0.0,0.19,secondary,Not in plan,0.81,152,170,147
Cuba Street,Te Aro,117.97,88.0,128.03,12.27,27.55,745.98,1085.31,104.04,2300.0,30.0,mixed,0.0,0.0,tertiary,Not in plan,1.0,153,174,157
Derwent Street,Island Bay,79.23,86.74,133.15,31.45,43.47,1094.72,1680.42,396.89,3100.0,50.0,mixed,0.0,0.0,tertiary,Not in plan,1.0,154,146,110
Box Hill,Khandallah,326.99,84.93,141.32,12.25,34.64,259.75,432.18,37.47,12029.0,50.0,mixed,0.0,0.0,secondary,Planned (WCC),1.0,155,161,158
Farnham Street,Mornington,168.49,82.99,153.36,34.33,51.55,492.54,910.17,203.74,4410.0,50.0,mixed,0.0,0.0,tertiary,Planned (WCC),1.0,156,134,104
(unnamed link),Tawa,93.72,82.05,154.91,1.19,55.59,875.52,1652.91,12.68,18647.0,50.0,mixed,0.0,0.0,secondary,Planned (WCC),1.0,157,128,201
Murphy Street,Thorndon,63.4,81.53,142.24,26.25,43.68,1285.98,2243.61,414.06,9661.0,50.0,sharrow,0.25,0.0,secondary,Planned (WCC),1.0,158,145,120
Lyndhurst Road,Tawa,175.86,79.94,126.3,2.2,28.48,454.55,718.2,12.52,2320.0,50.0,mixed,0.0,0.0,tertiary,Not in plan,1.0,159,172,195
Karori Road,Karori,96.64,75.58,128.94,25.98,41.51,782.03,1334.21,268.87,7514.0,50.0,sharrow,0.0,0.0,secondary,Planned (WCC),0.85,160,148,121
Wallace Street,Mt Cook,149.48,72.03,127.17,17.49,34.06,481.85,850.79,117.03,18138.0,50.0,mixed,0.0,0.0,secondary,Unfunded (ex-LGWM),1.0,161,162,145
Wilton Road,Wilton,232.97,71.77,155.67,41.54,61.85,308.07,668.18,178.32,6385.0,50.0,mixed,0.0,0.0,secondary,Planned (WCC),1.0,162,120,84
Stoke Street,Newtown,73.9,71.44,117.56,23.53,35.63,966.71,1590.89,318.47,1780.0,50.0,mixed,0.0,0.0,residential,Not in plan,1.0,163,159,130
(unnamed link),Wellington Central,142.11,70.7,111.22,11.84,23.95,497.48,782.63,83.29,4138.0,30.0,mixed,0.0,0.0,secondary_link,Unfunded (ex-LGWM),1.0,164,179,160
Buckley Road,Southgate,175.67,70.19,126.23,33.24,47.14,399.53,718.57,189.23,2232.0,50.0,mixed,0.0,0.0,tertiary,Not in plan,1.0,165,140,108
Te Wharepōuri Street,Berhampore,183.74,69.78,85.48,8.87,12.92,379.76,465.21,48.27,6290.0,50.0,mixed,0.0,0.0,tertiary,Planned (WCC),1.0,166,196,170
Allington Road,Karori,189.06,68.06,118.89,24.77,38.53,359.97,628.87,130.99,4260.0,50.0,mixed,0.0,0.0,tertiary,Not in plan,1.0,167,154,126
The Terrace,Te Aro,214.38,67.33,130.11,6.56,32.61,314.06,606.93,30.6,16573.0,50.0,mixed,0.0,0.0,secondary,Unfunded (ex-LGWM),1.0,168,166,177
Westchester Drive,Churton Park,138.57,61.11,116.59,4.0,32.75,440.98,841.36,28.9,2774.0,50.0,mixed,0.0,0.0,tertiary,Not in plan,1.0,169,164,182
Helen Street,Brooklyn,168.86,61.04,147.71,30.95,67.43,361.49,874.73,183.3,1914.0,50.0,mixed,0.0,0.0,residential,Not in plan,1.0,170,115,111
Happy Valley Road,Owhiro Bay,217.02,59.27,99.12,20.96,33.72,273.12,456.71,96.6,5778.0,50.0,mixed,0.0,0.0,tertiary,Planned (WCC),1.0,171,163,140
Kenmore Street,Newlands,221.39,59.05,94.48,1.89,18.9,266.74,426.75,8.51,3280.0,50.0,mixed,0.0,0.0,tertiary,Not in plan,1.0,172,186,197
Larsen Crescent,Tawa,137.03,54.81,79.59,2.97,15.05,399.98,580.81,21.71,1922.0,50.0,mixed,0.0,0.0,tertiary,Not in plan,1.0,173,192,187
Gipps Street,Karori,176.58,54.13,100.56,28.75,38.34,306.54,569.45,162.81,2290.0,50.0,mixed,0.0,0.0,residential,Not in plan,1.0,174,155,112
Brooklyn Road,"Brooklyn, Mt Cook",386.9,53.54,129.24,27.37,57.21,390.02,848.39,173.35,12265.0,50.0,mixed,0.18,0.82,secondary,Planned (WCC),1.0,175,126,119
Crofton Road,Ngaio,60.75,52.83,102.15,23.72,36.21,869.68,1681.64,390.53,2900.0,50.0,mixed,0.0,0.0,tertiary,Not in plan,1.0,176,158,129
Campbell Street,Karori,194.65,52.73,92.63,23.12,31.09,270.9,475.85,118.79,1780.0,50.0,mixed,0.0,0.0,tertiary,Not in plan,1.0,177,168,131
Mount Albert Road,Southgate,106.87,51.47,90.52,28.31,37.74,481.56,847.01,264.87,2700.0,50.0,mixed,0.0,0.0,tertiary,Not in plan,1.0,178,156,114
Sutherland Road,Melrose,166.11,49.92,87.59,31.57,39.28,300.52,527.32,190.05,1950.0,50.0,mixed,0.0,0.0,tertiary,Not in plan,1.0,179,151,109
Brooklyn Road,Mt Cook,97.22,49.06,79.45,9.93,20.7,621.95,1020.77,138.56,11798.0,50.0,mixed,0.0,0.37,secondary,Planned (WCC),1.0,180,184,166
Troy Street,"Kilbirnie, Rongotai",187.05,48.92,57.51,3.05,8.85,261.54,307.48,16.32,12093.0,50.0,mixed,0.0,0.0,secondary,Not in plan,1.0,181,201,186
Main Road,Tawa,152.23,48.86,79.13,0.16,21.65,320.94,519.8,1.05,17305.0,50.0,mixed,0.0,0.0,secondary,Not in plan,1.0,182,182,206
Everton Terrace,"Wellington Central, Mt Victoria, Kelburn",103.26,48.62,97.81,8.58,25.7,470.86,947.21,83.06,6960.0,50.0,mixed,0.0,0.0,tertiary,Not in plan,0.67,183,177,172
Bannister Avenue,Johnsonville,143.14,47.41,75.44,3.66,15.8,331.19,527.05,25.58,3300.0,50.0,mixed,0.0,0.0,residential,Not in plan,0.74,184,189,184
MacDonald Crescent,Te Aro,181.36,46.84,81.44,1.48,16.11,258.24,449.04,8.18,3100.0,50.0,mixed,0.0,0.0,tertiary,Not in plan,1.0,185,188,199
(unnamed link),"Rongotai, Kilbirnie",171.35,45.48,53.56,2.85,8.31,265.46,312.57,16.65,32939.0,70.0,mixed,0.0,0.24,State highway,Not in plan,1.0,186,203,188
Cambridge Street,Tawa,121.81,45.09,62.37,0.48,12.56,370.19,512.01,3.98,1766.0,50.0,mixed,0.0,0.0,unclassified,Planned (WCC),1.0,187,197,203
Hopper Street,Mt Cook,101.29,44.63,69.02,5.85,14.98,440.6,681.38,57.75,3030.0,50.0,mixed,0.0,0.0,residential,Not in plan,1.0,188,193,178
Southampton Road,Miramar,115.88,43.57,49.97,2.74,6.7,375.98,431.24,23.67,2110.0,50.0,mixed,0.0,0.0,residential,Not in plan,1.0,189,206,190
Kelburn Viaduct,Northland,71.89,42.25,85.8,10.7,26.78,587.68,1193.41,148.88,8279.0,50.0,mixed,0.0,0.0,secondary,Planned (WCC),1.0,190,176,163
William Earp Place,Tawa,158.03,40.8,62.77,0.4,15.72,258.18,397.25,2.5,4605.0,50.0,mixed,0.0,0.0,residential,Not in plan,0.83,191,191,205
The Ridgeway,Mornington,154.74,40.68,84.18,21.58,35.01,262.91,544.01,139.43,3367.0,50.0,mixed,0.0,0.0,tertiary,Planned (WCC),1.0,192,160,137
Whitehead Road,Karori,116.81,38.98,85.0,21.18,30.97,333.67,727.7,181.32,4116.0,50.0,mixed,0.0,0.0,residential,Not in plan,1.0,193,169,138
The Esplanade,Island Bay,143.64,36.12,52.08,12.25,15.72,251.44,362.58,85.26,6081.0,50.0,mixed,0.0,0.0,secondary,Planned (WCC),1.0,194,190,159
Tasman Street,Mt Cook,97.34,34.96,46.74,3.26,8.61,359.17,480.14,33.47,4281.0,50.0,mixed,0.0,0.0,tertiary,Not in plan,1.0,195,202,185
Mills Road,Brooklyn,129.14,34.23,73.03,20.75,32.69,265.08,565.54,160.71,3041.0,50.0,mixed,0.0,0.0,tertiary,Not in plan,1.0,196,165,142
Amesbury Drive,Churton Park,91.8,33.31,60.7,2.37,16.17,362.92,661.2,25.85,3130.0,50.0,mixed,0.0,0.0,residential,Not in plan,1.0,197,187,193
Duthie Street,Karori,72.04,31.54,57.31,16.27,21.48,437.82,795.52,225.91,3530.0,50.0,mixed,0.0,0.0,tertiary,Not in plan,1.0,198,183,146
Wadestown Road,Wadestown,115.8,30.85,66.79,14.65,25.64,266.38,576.8,126.49,5485.0,30.0,mixed,0.0,0.0,tertiary,Planned (WCC),1.0,199,178,151
Harris Street,Wellington Central,60.88,30.12,38.72,9.14,10.66,494.75,636.02,150.2,16574.0,40.0,mixed,0.0,0.0,unclassified,Unfunded (ex-LGWM),0.79,200,199,168
Broadway,Miramar,74.71,28.66,37.35,1.98,7.74,383.56,499.97,26.47,12626.0,50.0,mixed,0.0,0.0,secondary,Planned (WCC),1.0,201,205,196
Washington Avenue,Brooklyn,65.12,26.83,57.47,12.94,23.22,412.11,882.59,198.68,3730.0,50.0,mixed,0.0,0.0,tertiary,Not in plan,1.0,202,180,155
(unnamed link),Te Aro,71.63,25.43,44.1,4.0,10.06,355.0,615.67,55.89,11866.0,50.0,painted_lane,1.0,0.0,State highway,Unfunded (ex-LGWM),1.0,203,200,183
Russell Terrace,Berhampore,91.5,24.35,39.03,8.9,11.13,266.09,426.58,97.23,3680.0,50.0,mixed,0.0,0.0,tertiary,Not in plan,1.0,204,198,169
Oriel Avenue,Tawa,65.16,24.29,44.23,1.78,13.69,372.82,678.81,27.37,1700.0,50.0,mixed,0.0,0.0,tertiary,Not in plan,1.0,205,195,198
Parkvale Road,Karori,81.39,22.86,36.89,4.67,8.28,280.85,453.25,57.35,3257.0,30.0,mixed,0.0,0.0,residential,Not in plan,1.0,206,204,179
