scenario,level,suburb,newly_connected_godutch,newly_connected_census,godutch_trips_from_suburb,godutch_pct_pts
A,all_ages,Aro Valley,0.0,0.0,735.97,0.0
A,all_ages,Berhampore,0.0,0.0,994.189,0.0
A,all_ages,Breaker Bay,0.0,0.0,21.089,0.0
A,all_ages,Broadmeadows,0.0,0.0,189.95,0.0
A,all_ages,Brooklyn,0.0,0.0,724.552,0.0
A,all_ages,Churton Park,0.0,0.0,996.59,0.0
A,all_ages,Crofton Downs,0.0,0.0,209.894,0.0
A,all_ages,Glenside,0.0,0.0,50.37,0.0
A,all_ages,Grenada North,0.0,0.0,54.388,0.0
A,all_ages,Grenada Village,0.0,0.0,224.277,0.0
A,all_ages,Hataitai,0.0,0.0,1702.274,0.0
A,all_ages,Highbury,0.0,0.0,69.872,0.0
A,all_ages,Horokiwi,0.0,0.0,9416.856,0.0
A,all_ages,Houghton Bay,0.0,0.0,192.253,0.0
A,all_ages,Island Bay,0.0,0.0,2024.022,0.0
A,all_ages,Johnsonville,0.0,0.0,1685.473,0.0
A,all_ages,Kaiwharawhara,0.0,0.0,145.659,0.0
A,all_ages,Karaka Bays,0.0,0.0,171.417,0.0
A,all_ages,Karori,0.0,0.0,2421.681,0.0
A,all_ages,Kelburn,0.0,0.0,871.105,0.0
A,all_ages,Khandallah,0.0,0.0,1357.67,0.0
A,all_ages,Kilbirnie,0.0,0.0,1062.735,0.0
A,all_ages,Kingston,0.0,0.0,254.666,0.0
A,all_ages,Lyall Bay,0.0,0.0,1154.768,0.0
A,all_ages,Makara,0.0,0.0,14.81,0.0
A,all_ages,Makara Beach,0.0,0.0,8.883,0.0
A,all_ages,Maupuia,0.0,0.0,636.964,0.0
A,all_ages,Melrose,0.0,0.0,276.672,0.0
A,all_ages,Miramar,0.0,0.0,3432.495,0.0
A,all_ages,Moa Point,0.0,0.0,7.496,0.0
A,all_ages,Mornington,0.0,0.0,102.034,0.0
A,all_ages,Mt Cook,0.0,0.0,2217.578,0.0
A,all_ages,Mt Victoria,0.0,0.0,1888.252,0.0
A,all_ages,Newlands,0.0,0.0,1034.612,0.0
A,all_ages,Newtown,0.0,0.0,2979.031,0.0
A,all_ages,Ngaio,0.0,0.0,928.863,0.0
A,all_ages,Ngauranga,0.0,0.0,14.033,0.0
A,all_ages,Northland,0.0,0.0,547.817,0.0
A,all_ages,Ohariu,0.0,0.0,25.351,0.0
A,all_ages,Oriental Bay,0.0,0.0,406.835,0.0
A,all_ages,Owhiro Bay,0.0,0.0,155.388,0.0
A,all_ages,Paparangi,0.0,0.0,336.949,0.0
A,all_ages,Pipitea,0.0,0.0,232.152,0.0
A,all_ages,Rongotai,0.0,0.0,348.113,0.0
A,all_ages,Roseneath,0.0,0.0,502.613,0.0
A,all_ages,Seatoun,0.0,0.0,779.355,0.0
A,all_ages,Southgate,0.0,0.0,158.955,0.0
A,all_ages,Strathmore Park,0.0,0.0,983.665,0.0
A,all_ages,Takapu Valley,0.0,0.0,2390.653,0.0
A,all_ages,Tawa,0.0,0.0,4332.749,0.0
A,all_ages,Te Aro,0.0,0.0,4541.831,0.0
A,all_ages,Thorndon,0.0,0.0,1270.075,0.0
A,all_ages,Vogeltown,0.0,0.0,164.723,0.0
A,all_ages,Wadestown,0.0,0.0,587.457,0.0
A,all_ages,Wellington Central,0.0,0.0,856.397,0.0
A,all_ages,Wilton,0.0,0.0,319.31,0.0
A,all_ages,Woodridge,0.0,0.0,212.276,0.0
B,all_ages,Aro Valley,24.92,3.65,735.97,3.386
B,all_ages,Berhampore,12.303,4.265,994.189,1.237
B,all_ages,Breaker Bay,0.0,0.0,21.089,0.0
B,all_ages,Broadmeadows,0.0,0.0,189.95,0.0
B,all_ages,Brooklyn,0.869,0.335,724.552,0.12
B,all_ages,Churton Park,0.0,0.0,996.59,0.0
B,all_ages,Crofton Downs,0.0,0.0,209.894,0.0
B,all_ages,Glenside,0.0,0.0,50.37,0.0
B,all_ages,Grenada North,0.0,0.0,54.388,0.0
B,all_ages,Grenada Village,0.0,0.0,224.277,0.0
B,all_ages,Hataitai,6.196,0.448,1702.274,0.364
B,all_ages,Highbury,0.0,0.0,69.872,0.0
B,all_ages,Horokiwi,0.708,0.0,9416.856,0.008
B,all_ages,Houghton Bay,0.0,0.0,192.253,0.0
B,all_ages,Island Bay,11.595,4.657,2024.022,0.573
B,all_ages,Johnsonville,0.421,0.003,1685.473,0.025
B,all_ages,Kaiwharawhara,0.53,0.009,145.659,0.364
B,all_ages,Karaka Bays,0.0,0.0,171.417,0.0
B,all_ages,Karori,0.0,0.0,2421.681,0.0
B,all_ages,Kelburn,1.924,0.121,871.105,0.221
B,all_ages,Khandallah,0.154,0.019,1357.67,0.011
B,all_ages,Kilbirnie,7.987,1.507,1062.735,0.752
B,all_ages,Kingston,0.037,0.01,254.666,0.014
B,all_ages,Lyall Bay,7.0,2.187,1154.768,0.606
B,all_ages,Makara,0.0,0.0,14.81,0.0
B,all_ages,Makara Beach,0.0,0.0,8.883,0.0
B,all_ages,Maupuia,0.0,0.0,636.964,0.0
B,all_ages,Melrose,0.322,0.054,276.672,0.116
B,all_ages,Miramar,0.011,0.0,3432.495,0.0
B,all_ages,Moa Point,0.0,0.0,7.496,0.0
B,all_ages,Mornington,0.0,0.0,102.034,0.0
B,all_ages,Mt Cook,103.28,8.676,2217.578,4.657
B,all_ages,Mt Victoria,127.981,11.598,1888.252,6.778
B,all_ages,Newlands,0.332,0.003,1034.612,0.032
B,all_ages,Newtown,48.031,8.532,2979.031,1.612
B,all_ages,Ngaio,0.0,0.0,928.863,0.0
B,all_ages,Ngauranga,0.037,0.0,14.033,0.266
B,all_ages,Northland,3.354,2.053,547.817,0.612
B,all_ages,Ohariu,0.0,0.0,25.351,0.0
B,all_ages,Oriental Bay,7.061,0.863,406.835,1.736
B,all_ages,Owhiro Bay,0.0,0.0,155.388,0.0
B,all_ages,Paparangi,0.0,0.0,336.949,0.0
B,all_ages,Pipitea,10.929,0.39,232.152,4.708
B,all_ages,Rongotai,1.33,0.224,348.113,0.382
B,all_ages,Roseneath,3.339,0.717,502.613,0.664
B,all_ages,Seatoun,0.0,0.0,779.355,0.0
B,all_ages,Southgate,0.0,0.0,158.955,0.0
B,all_ages,Strathmore Park,0.0,0.0,983.665,0.0
B,all_ages,Takapu Valley,0.0,0.0,2390.653,0.0
B,all_ages,Tawa,0.0,0.0,4332.749,0.0
B,all_ages,Te Aro,380.502,10.412,4541.831,8.378
B,all_ages,Thorndon,59.308,0.367,1270.075,4.67
B,all_ages,Vogeltown,0.543,0.403,164.723,0.33
B,all_ages,Wadestown,0.577,0.253,587.457,0.098
B,all_ages,Wellington Central,35.472,0.127,856.397,4.142
B,all_ages,Wilton,0.329,0.327,319.31,0.103
B,all_ages,Woodridge,0.0,0.0,212.276,0.0
C,all_ages,Aro Valley,45.8,7.194,735.97,6.223
C,all_ages,Berhampore,71.814,36.345,994.189,7.223
C,all_ages,Breaker Bay,0.0,0.0,21.089,0.0
C,all_ages,Broadmeadows,0.0,0.0,189.95,0.0
C,all_ages,Brooklyn,2.056,0.604,724.552,0.284
C,all_ages,Churton Park,0.0,0.0,996.59,0.0
C,all_ages,Crofton Downs,0.0,0.0,209.894,0.0
C,all_ages,Glenside,0.0,0.0,50.37,0.0
C,all_ages,Grenada North,0.0,0.0,54.388,0.0
C,all_ages,Grenada Village,0.0,0.0,224.277,0.0
C,all_ages,Hataitai,42.891,7.552,1702.274,2.52
C,all_ages,Highbury,0.0,0.0,69.872,0.0
C,all_ages,Horokiwi,0.867,0.0,9416.856,0.009
C,all_ages,Houghton Bay,0.0,0.0,192.253,0.0
C,all_ages,Island Bay,81.328,51.566,2024.022,4.018
C,all_ages,Johnsonville,0.513,0.003,1685.473,0.03
C,all_ages,Kaiwharawhara,0.695,0.012,145.659,0.477
C,all_ages,Karaka Bays,0.0,0.0,171.417,0.0
C,all_ages,Karori,0.0,0.0,2421.681,0.0
C,all_ages,Kelburn,2.332,0.263,871.105,0.268
C,all_ages,Khandallah,0.195,0.027,1357.67,0.014
C,all_ages,Kilbirnie,49.845,9.408,1062.735,4.69
C,all_ages,Kingston,0.28,0.098,254.666,0.11
C,all_ages,Lyall Bay,40.61,18.224,1154.768,3.517
C,all_ages,Makara,0.0,0.0,14.81,0.0
C,all_ages,Makara Beach,0.0,0.0,8.883,0.0
C,all_ages,Maupuia,0.0,0.0,636.964,0.0
C,all_ages,Melrose,2.451,1.678,276.672,0.886
C,all_ages,Miramar,0.098,0.012,3432.495,0.003
C,all_ages,Moa Point,0.0,0.0,7.496,0.0
C,all_ages,Mornington,0.0,0.0,102.034,0.0
C,all_ages,Mt Cook,217.578,15.629,2217.578,9.812
C,all_ages,Mt Victoria,271.601,29.251,1888.252,14.384
C,all_ages,Newlands,0.404,0.004,1034.612,0.039
C,all_ages,Newtown,229.988,47.785,2979.031,7.72
C,all_ages,Ngaio,0.0,0.0,928.863,0.0
C,all_ages,Ngauranga,0.045,0.0,14.033,0.323
C,all_ages,Northland,3.738,2.221,547.817,0.682
C,all_ages,Ohariu,0.0,0.0,25.351,0.0
C,all_ages,Oriental Bay,37.303,5.115,406.835,9.169
C,all_ages,Owhiro Bay,0.0,0.0,155.388,0.0
C,all_ages,Paparangi,0.0,0.0,336.949,0.0
C,all_ages,Pipitea,27.263,0.791,232.152,11.744
C,all_ages,Rongotai,9.726,2.783,348.113,2.794
C,all_ages,Roseneath,23.761,7.224,502.613,4.728
C,all_ages,Seatoun,0.0,0.0,779.355,0.0
C,all_ages,Southgate,0.0,0.0,158.955,0.0
C,all_ages,Strathmore Park,0.0,0.0,983.665,0.0
C,all_ages,Takapu Valley,0.0,0.0,2390.653,0.0
C,all_ages,Tawa,0.0,0.0,4332.749,0.0
C,all_ages,Te Aro,663.614,24.075,4541.831,14.611
C,all_ages,Thorndon,114.326,0.376,1270.075,9.002
C,all_ages,Vogeltown,2.267,1.051,164.723,1.376
C,all_ages,Wadestown,0.642,0.263,587.457,0.109
C,all_ages,Wellington Central,59.725,0.161,856.397,6.974
C,all_ages,Wilton,0.381,0.379,319.31,0.119
C,all_ages,Woodridge,0.0,0.0,212.276,0.0
A,confident,Aro Valley,0.0,0.0,735.97,0.0
A,confident,Berhampore,0.0,0.0,994.189,0.0
A,confident,Breaker Bay,0.0,0.0,21.089,0.0
A,confident,Broadmeadows,0.0,0.0,189.95,0.0
A,confident,Brooklyn,0.0,0.0,724.552,0.0
A,confident,Churton Park,0.0,0.0,996.59,0.0
A,confident,Crofton Downs,0.0,0.0,209.894,0.0
A,confident,Glenside,0.0,0.0,50.37,0.0
A,confident,Grenada North,0.0,0.0,54.388,0.0
A,confident,Grenada Village,0.0,0.0,224.277,0.0
A,confident,Hataitai,0.0,0.0,1702.274,0.0
A,confident,Highbury,0.0,0.0,69.872,0.0
A,confident,Horokiwi,0.0,0.0,9416.856,0.0
A,confident,Houghton Bay,0.0,0.0,192.253,0.0
A,confident,Island Bay,0.0,0.0,2024.022,0.0
A,confident,Johnsonville,0.0,0.0,1685.473,0.0
A,confident,Kaiwharawhara,0.0,0.0,145.659,0.0
A,confident,Karaka Bays,0.0,0.0,171.417,0.0
A,confident,Karori,0.0,0.0,2421.681,0.0
A,confident,Kelburn,0.0,0.0,871.105,0.0
A,confident,Khandallah,0.0,0.0,1357.67,0.0
A,confident,Kilbirnie,0.0,0.0,1062.735,0.0
A,confident,Kingston,0.0,0.0,254.666,0.0
A,confident,Lyall Bay,0.0,0.0,1154.768,0.0
A,confident,Makara,0.0,0.0,14.81,0.0
A,confident,Makara Beach,0.0,0.0,8.883,0.0
A,confident,Maupuia,0.0,0.0,636.964,0.0
A,confident,Melrose,0.0,0.0,276.672,0.0
A,confident,Miramar,0.0,0.0,3432.495,0.0
A,confident,Moa Point,0.0,0.0,7.496,0.0
A,confident,Mornington,0.0,0.0,102.034,0.0
A,confident,Mt Cook,0.0,0.0,2217.578,0.0
A,confident,Mt Victoria,0.0,0.0,1888.252,0.0
A,confident,Newlands,0.0,0.0,1034.612,0.0
A,confident,Newtown,0.0,0.0,2979.031,0.0
A,confident,Ngaio,0.0,0.0,928.863,0.0
A,confident,Ngauranga,0.0,0.0,14.033,0.0
A,confident,Northland,0.0,0.0,547.817,0.0
A,confident,Ohariu,0.0,0.0,25.351,0.0
A,confident,Oriental Bay,0.0,0.0,406.835,0.0
A,confident,Owhiro Bay,0.0,0.0,155.388,0.0
A,confident,Paparangi,0.0,0.0,336.949,0.0
A,confident,Pipitea,0.0,0.0,232.152,0.0
A,confident,Rongotai,0.0,0.0,348.113,0.0
A,confident,Roseneath,0.0,0.0,502.613,0.0
A,confident,Seatoun,0.0,0.0,779.355,0.0
A,confident,Southgate,0.0,0.0,158.955,0.0
A,confident,Strathmore Park,0.0,0.0,983.665,0.0
A,confident,Takapu Valley,0.0,0.0,2390.653,0.0
A,confident,Tawa,0.0,0.0,4332.749,0.0
A,confident,Te Aro,0.0,0.0,4541.831,0.0
A,confident,Thorndon,0.0,0.0,1270.075,0.0
A,confident,Vogeltown,0.0,0.0,164.723,0.0
A,confident,Wadestown,0.0,0.0,587.457,0.0
A,confident,Wellington Central,0.0,0.0,856.397,0.0
A,confident,Wilton,0.0,0.0,319.31,0.0
A,confident,Woodridge,0.0,0.0,212.276,0.0
B,confident,Aro Valley,35.603,4.902,735.97,4.838
B,confident,Berhampore,15.9,6.424,994.189,1.599
B,confident,Breaker Bay,0.0,0.0,21.089,0.0
B,confident,Broadmeadows,0.0,0.0,189.95,0.0
B,confident,Brooklyn,8.179,5.251,724.552,1.129
B,confident,Churton Park,0.0,0.0,996.59,0.0
B,confident,Crofton Downs,0.0,0.0,209.894,0.0
B,confident,Glenside,0.0,0.0,50.37,0.0
B,confident,Grenada North,0.0,0.0,54.388,0.0
B,confident,Grenada Village,0.001,0.0,224.277,0.0
B,confident,Hataitai,19.157,6.639,1702.274,1.125
B,confident,Highbury,0.055,0.032,69.872,0.079
B,confident,Horokiwi,4.025,0.037,9416.856,0.043
B,confident,Houghton Bay,0.0,0.0,192.253,0.0
B,confident,Island Bay,15.865,7.616,2024.022,0.784
B,confident,Johnsonville,0.989,0.013,1685.473,0.059
B,confident,Kaiwharawhara,0.907,0.032,145.659,0.623
B,confident,Karaka Bays,0.003,0.001,171.417,0.002
B,confident,Karori,1.4,0.282,2421.681,0.058
B,confident,Kelburn,22.485,2.321,871.105,2.581
B,confident,Khandallah,3.919,1.134,1357.67,0.289
B,confident,Kilbirnie,9.901,2.203,1062.735,0.932
B,confident,Kingston,0.06,0.017,254.666,0.024
B,confident,Lyall Bay,8.695,2.96,1154.768,0.753
B,confident,Makara,0.0,0.0,14.81,0.0
B,confident,Makara Beach,0.0,0.0,8.883,0.0
B,confident,Maupuia,0.492,0.009,636.964,0.077
B,confident,Melrose,2.474,1.546,276.672,0.894
B,confident,Miramar,7.399,2.217,3432.495,0.216
B,confident,Moa Point,0.0,0.0,7.496,0.0
B,confident,Mornington,2.582,1.679,102.034,2.53
B,confident,Mt Cook,119.428,10.213,2217.578,5.386
B,confident,Mt Victoria,135.461,12.023,1888.252,7.174
B,confident,Newlands,3.147,0.106,1034.612,0.304
B,confident,Newtown,72.49,15.947,2979.031,2.433
B,confident,Ngaio,1.223,0.606,928.863,0.132
B,confident,Ngauranga,0.055,0.0,14.033,0.395
B,confident,Northland,19.865,8.742,547.817,3.626
B,confident,Ohariu,0.0,0.0,25.351,0.0
B,confident,Oriental Bay,9.504,1.411,406.835,2.336
B,confident,Owhiro Bay,0.0,0.0,155.388,0.0
B,confident,Paparangi,0.811,0.043,336.949,0.241
B,confident,Pipitea,11.494,0.423,232.152,4.951
B,confident,Rongotai,1.756,0.298,348.113,0.504
B,confident,Roseneath,6.968,3.992,502.613,1.386
B,confident,Seatoun,0.0,0.0,779.355,0.0
B,confident,Southgate,0.108,0.066,158.955,0.068
B,confident,Strathmore Park,0.0,0.0,983.665,0.0
B,confident,Takapu Valley,0.0,0.0,2390.653,0.0
B,confident,Tawa,0.0,0.0,4332.749,0.0
B,confident,Te Aro,465.271,12.837,4541.831,10.244
B,confident,Thorndon,78.923,0.739,1270.075,6.214
B,confident,Vogeltown,3.216,1.553,164.723,1.953
B,confident,Wadestown,26.962,8.716,587.457,4.59
B,confident,Wellington Central,60.22,0.136,856.397,7.032
B,confident,Wilton,6.221,3.552,319.31,1.948
B,confident,Woodridge,0.038,0.005,212.276,0.018
C,confident,Aro Valley,35.664,4.912,735.97,4.846
C,confident,Berhampore,16.667,6.816,994.189,1.676
C,confident,Breaker Bay,0.0,0.0,21.089,0.0
C,confident,Broadmeadows,0.0,0.0,189.95,0.0
C,confident,Brooklyn,8.254,5.302,724.552,1.139
C,confident,Churton Park,0.0,0.0,996.59,0.0
C,confident,Crofton Downs,0.0,0.0,209.894,0.0
C,confident,Glenside,0.0,0.0,50.37,0.0
C,confident,Grenada North,0.0,0.0,54.388,0.0
C,confident,Grenada Village,0.001,0.0,224.277,0.001
C,confident,Hataitai,19.675,6.747,1702.274,1.156
C,confident,Highbury,0.058,0.034,69.872,0.082
C,confident,Horokiwi,5.964,0.215,9416.856,0.063
C,confident,Houghton Bay,0.0,0.0,192.253,0.0
C,confident,Island Bay,16.811,8.307,2024.022,0.831
C,confident,Johnsonville,1.311,0.021,1685.473,0.078
C,confident,Kaiwharawhara,1.216,0.048,145.659,0.835
C,confident,Karaka Bays,0.003,0.001,171.417,0.002
C,confident,Karori,1.418,0.293,2421.681,0.059
C,confident,Kelburn,22.829,2.338,871.105,2.621
C,confident,Khandallah,5.858,2.077,1357.67,0.431
C,confident,Kilbirnie,10.577,2.361,1062.735,0.995
C,confident,Kingston,0.063,0.017,254.666,0.025
C,confident,Lyall Bay,9.193,3.273,1154.768,0.796
C,confident,Makara,0.0,0.0,14.81,0.0
C,confident,Makara Beach,0.0,0.0,8.883,0.0
C,confident,Maupuia,0.573,0.009,636.964,0.09
C,confident,Melrose,2.569,1.613,276.672,0.928
C,confident,Miramar,7.794,2.249,3432.495,0.227
C,confident,Moa Point,0.0,0.0,7.496,0.0
C,confident,Mornington,2.592,1.683,102.034,2.541
C,confident,Mt Cook,121.59,10.433,2217.578,5.483
C,confident,Mt Victoria,137.838,12.345,1888.252,7.3
C,confident,Newlands,4.803,0.329,1034.612,0.464
C,confident,Newtown,74.767,16.548,2979.031,2.51
C,confident,Ngaio,1.408,0.701,928.863,0.152
C,confident,Ngauranga,0.067,0.0,14.033,0.48
C,confident,Northland,20.194,8.952,547.817,3.686
C,confident,Ohariu,0.0,0.0,25.351,0.0
C,confident,Oriental Bay,9.907,1.579,406.835,2.435
C,confident,Owhiro Bay,0.0,0.0,155.388,0.0
C,confident,Paparangi,1.696,0.256,336.949,0.503
C,confident,Pipitea,23.942,0.759,232.152,10.313
C,confident,Rongotai,1.952,0.423,348.113,0.561
C,confident,Roseneath,7.196,4.087,502.613,1.432
C,confident,Seatoun,0.0,0.0,779.355,0.0
C,confident,Southgate,0.114,0.071,158.955,0.072
C,confident,Strathmore Park,0.0,0.0,983.665,0.0
C,confident,Takapu Valley,0.0,0.0,2390.653,0.0
C,confident,Tawa,0.0,0.0,4332.749,0.0
C,confident,Te Aro,469.146,13.038,4541.831,10.329
C,confident,Thorndon,154.899,1.584,1270.075,12.196
C,confident,Vogeltown,3.287,1.579,164.723,1.995
C,confident,Wadestown,34.819,11.785,587.457,5.927
C,confident,Wellington Central,60.518,0.136,856.397,7.067
C,confident,Wilton,6.73,4.043,319.31,2.108
C,confident,Woodridge,0.084,0.015,212.276,0.04
