tolerance_m,cap,scenario,trips,connected,connected_pct
0.0,1.15,census,8188.952,945.294,11.544
0.0,1.15,godutch,58188.643,8466.701,14.55
0.0,1.15,ebike,81605.764,10399.032,12.743
0.0,1.15,local,18462.195,1774.539,9.612
0.0,1.25,census,8188.952,1213.228,14.815
0.0,1.25,godutch,58188.643,10626.282,18.262
0.0,1.25,ebike,81605.764,13251.834,16.239
0.0,1.25,local,18462.195,2375.348,12.866
0.0,1.5,census,8188.952,1533.823,18.73
0.0,1.5,godutch,58188.643,13448.31,23.112
0.0,1.5,ebike,81605.764,16978.901,20.806
0.0,1.5,local,18462.195,3098.616,16.784
150.0,1.15,census,8188.952,2320.071,28.332
150.0,1.15,godutch,58188.643,19743.056,33.929
150.0,1.15,ebike,81605.764,25064.187,30.714
150.0,1.15,local,18462.195,4641.481,25.14
150.0,1.25,census,8188.952,2792.324,34.099
150.0,1.25,godutch,58188.643,22811.741,39.203
150.0,1.25,ebike,81605.764,29485.156,36.131
150.0,1.25,local,18462.195,5697.681,30.861
150.0,1.5,census,8188.952,3354.324,40.962
150.0,1.5,godutch,58188.643,26629.583,45.764
150.0,1.5,ebike,81605.764,35016.21,42.909
150.0,1.5,local,18462.195,6945.222,37.619
400.0,1.15,census,8188.952,4234.591,51.711
400.0,1.15,godutch,58188.643,31217.471,53.649
400.0,1.15,ebike,81605.764,41333.033,50.65
400.0,1.15,local,18462.195,8455.3,45.798
400.0,1.25,census,8188.952,5310.331,64.848
400.0,1.25,godutch,58188.643,35853.561,61.616
400.0,1.25,ebike,81605.764,48417.819,59.331
400.0,1.25,local,18462.195,10446.303,56.582
400.0,1.5,census,8188.952,6645.65,81.154
400.0,1.5,godutch,58188.643,42031.472,72.233
400.0,1.5,ebike,81605.764,57667.778,70.666
400.0,1.5,local,18462.195,12869.761,69.709
