rank,rank_trips,type,source,name,where,treatment,length_m,filled_m,cost_low,cost,cost_high,dT_godutch,dT_ebike,dT_local,dT_census,dK_godutch,dT_pct_pts,dT_per_M,grid_ends,score,health_M_low,health_M_high,crashes,crashes_serious,plan,facility_now,max_adt,speed,one_way_share,gap_rank,rank_median,rank_p10,rank_p90,top10_share,robust_top10,rank_confident,rank_confident_flat,build_step
1,4,corridor,gap,Stout Street,"Pipitea, Wellington Central",Quiet street (30 km/h + filter),362.216,0.0,0.036,0.072,0.109,883.983,1138.701,295.83,184.609,3736.864,1.488,12202.422,2,18303.633,1.101,6.662,10,0,Not in plan,mixed,2890.0,30.0,0.0,31.0,1.0,1.0,1.0,1.0,True,34.0,41.0,1.0
2,6,corridor,gap,Devon Street,Aro Valley,Quiet street (30 km/h + filter),443.315,0.0,0.044,0.089,0.133,600.606,1169.471,296.913,36.83,1796.225,1.011,6774.029,0,6774.029,1.854,3.943,2,0,Not in plan,mixed,840.0,50.0,0.0,20.0,2.0,2.0,4.0,1.0,True,197.0,196.0,2.0
3,2,corridor,gap,Bowen Street,Wellington Central,Protected lane,113.35,45.423,0.1,0.25,0.5,929.13,1229.887,324.197,199.672,3858.11,1.564,3716.518,2,5574.777,1.184,6.82,5,1,Unfunded (ex-LGWM),painted_lane,11240.0,30.0,0.0,91.0,3.0,2.0,4.0,1.0,True,4.0,6.0,8.0
4,3,corridor,gap,Bunny Street,Pipitea,Protected lane,343.272,11.741,0.257,0.549,1.167,928.377,1183.586,300.324,184.48,3832.593,1.562,1690.308,2,2535.463,1.128,6.896,14,1,Unfunded (ex-LGWM),painted_lane,28278.0,30.0,0.0,112.0,5.0,3.0,8.0,0.989,True,31.0,32.0,
5,17,corridor,gap,Miro Street,Miramar,Quiet street (30 km/h + filter),536.375,53.21,0.054,0.107,0.161,171.025,207.636,35.333,13.475,614.58,0.288,1594.262,2,2391.394,0.273,1.361,0,0,Planned (WCC),mixed,510.0,50.0,0.0,13.0,6.0,4.0,10.0,0.921,True,196.0,195.0,3.0
6,10,corridor,council plan,Taurima Street,Hataitai,Protected lane,149.121,0.0,0.112,0.25,0.507,282.477,415.769,94.495,58.085,857.538,0.475,1129.909,2,1694.864,0.276,1.644,4,1,Unfunded (ex-LGWM),sharrow,34190.0,50.0,0.0,,7.0,4.0,12.0,0.814,True,1.0,4.0,5.0
7,25,corridor,gap,Hill Street,Thorndon,Quiet street (30 km/h + filter),517.137,0.0,0.052,0.103,0.155,111.749,152.536,19.556,3.408,228.37,0.188,1080.456,1,1350.57,0.095,0.538,1,0,Planned (WCC),sharrow,2910.0,30.0,0.0,69.0,10.0,5.0,22.0,0.513,False,214.0,213.0,6.0
8,19,corridor,gap,Calcutta Street,Khandallah,Quiet street (30 km/h + filter),870.526,0.0,0.087,0.174,0.261,164.382,301.58,98.03,62.212,965.691,0.277,944.154,1,1180.193,0.551,1.492,0,0,Not in plan,mixed,1010.0,50.0,0.0,90.0,6.0,4.0,10.0,0.912,True,224.0,223.0,10.0
9,21,corridor,gap,Hobson Street,"Thorndon, Pipitea",Quiet street (30 km/h + filter),574.557,0.0,0.057,0.115,0.172,135.508,161.512,22.621,3.245,380.876,0.228,1179.241,0,1179.241,0.169,0.906,0,0,Not in plan,mixed,2480.0,50.0,0.0,158.0,14.0,6.9,35.1,0.32,False,261.0,260.0,7.0
10,15,corridor,council plan,Brandon Street,Wellington Central,Protected lane,81.3,0.0,0.1,0.25,0.5,197.426,233.455,46.71,35.093,600.604,0.332,789.703,1,987.129,0.083,1.088,4,0,Unfunded (ex-LGWM),mixed,14840.0,30.0,0.0,,13.0,7.0,18.0,0.31,False,5.0,3.0,
11,63,corridor,council plan,Tacy Street,Kilbirnie,Quiet street (30 km/h + filter),85.009,0.0,0.03,0.05,0.1,30.409,32.518,3.313,2.097,42.029,0.051,608.182,2,912.273,0.009,0.096,0,0,Planned (WCC),sharrow,2080.0,30.0,0.0,,18.5,9.0,52.0,0.149,False,299.0,298.0,
12,32,corridor,gap,Freyberg Street,Lyall Bay,Quiet street (30 km/h + filter),785.996,100.017,0.079,0.157,0.236,87.002,103.405,23.838,19.164,213.272,0.146,553.453,2,830.179,0.05,0.398,3,2,Not in plan,mixed,1700.0,50.0,0.0,97.0,11.0,7.0,17.0,0.405,False,60.0,38.0,
13,72,corridor,gap,Te Whiti Street,Kilbirnie,Quiet street (30 km/h + filter),213.62,0.0,0.03,0.05,0.1,23.981,24.39,1.286,0.895,25.056,0.04,479.627,2,719.441,0.001,0.059,0,0,Built or underway,painted_lane,1008.0,50.0,0.0,29.0,32.0,18.0,57.0,0.006,False,202.0,201.0,9.0
14,29,corridor,gap,Garden Road,Northland,Quiet street (30 km/h + filter),903.724,0.0,0.09,0.181,0.271,101.55,193.059,61.197,42.557,430.528,0.171,561.84,1,702.3,0.218,0.665,3,0,Not in plan,mixed,2960.0,50.0,0.0,68.0,9.0,5.0,17.0,0.603,False,25.0,17.0,
15,23,corridor,council plan,Moorefield Road,Johnsonville,Protected lane,149.725,0.0,0.112,0.25,0.509,115.875,198.142,54.889,13.526,703.431,0.195,463.5,2,695.25,0.865,1.466,1,0,Unfunded (ex-LGWM),mixed,12923.0,50.0,0.0,,15.0,8.0,23.0,0.211,False,2.0,1.0,
16,1,corridor,gap,Lambton Quay,"Wellington Central, Pipitea",Protected lane,1577.437,634.954,1.183,2.524,5.363,1092.397,1395.189,351.628,229.887,4394.277,1.838,432.821,2,649.232,1.18,7.761,9,0,Unfunded (ex-LGWM),mixed,5819.0,30.0,0.0,181.0,16.0,10.0,26.0,0.118,False,32.0,29.0,
17,5,corridor,gap,Willis Street,"Te Aro, Aro Valley, Wellington Central",Protected lane,1252.684,0.0,0.94,2.004,4.259,824.909,1066.597,181.369,118.254,1822.653,1.388,411.571,2,617.357,0.295,3.397,11,0,Unfunded (ex-LGWM),mixed,11034.0,30.0,0.0,4.0,19.0,12.0,26.0,0.059,False,10.0,10.0,
18,48,corridor,gap,Rata Road,Hataitai,Quiet street (30 km/h + filter),509.273,0.0,0.051,0.102,0.153,49.383,63.529,12.673,9.008,156.241,0.083,484.834,1,606.043,0.035,0.307,3,1,Not in plan,mixed,1200.0,50.0,0.0,150.0,13.0,9.0,20.0,0.225,False,255.0,254.0,
19,70,corridor,gap,The Rigi,Northland,Quiet street (30 km/h + filter),380.247,0.0,0.038,0.076,0.114,25.193,43.072,11.664,5.939,90.424,0.042,331.277,2,496.916,0.055,0.174,0,0,Not in plan,mixed,2310.0,50.0,0.0,62.0,15.0,10.0,23.0,0.143,False,212.0,211.0,
20,75,corridor,gap,Duncan Street,Tawa,Quiet street (30 km/h + filter),337.664,0.0,0.034,0.068,0.101,23.178,23.409,2.415,2.31,32.893,0.039,343.207,1,429.008,0.0,0.074,1,0,Planned (WCC),mixed,2721.0,50.0,0.0,191.0,25.0,17.0,34.0,0.001,False,9.0,8.0,
21,9,corridor,gap,Wakefield Street,Te Aro,Protected lane,887.018,61.042,0.665,1.419,3.016,392.819,449.223,57.833,31.307,690.915,0.661,276.784,2,415.176,0.167,1.47,11,0,Desired only,mixed,14720.0,30.0,0.0,61.0,28.0,16.0,43.0,0.008,False,16.0,20.0,
22,8,corridor,council plan,Jervois Quay,"Wellington Central, Te Aro",Protected lane,1210.887,0.0,0.908,1.937,4.117,501.75,568.629,66.679,35.781,833.392,0.844,258.978,2,388.467,0.148,1.828,14,1,Desired only,mixed,21093.0,50.0,0.0,,28.0,14.0,53.0,0.039,False,15.0,33.0,
23,104,corridor,gap,Pipitea Street,"Thorndon, Pipitea",Quiet street (30 km/h + filter),270.028,0.0,0.03,0.054,0.1,13.491,17.426,1.177,0.174,14.804,0.023,249.799,2,374.699,0.003,0.035,0,0,Not in plan,sharrow,2960.0,50.0,0.0,168.0,28.0,18.0,74.1,0.0,False,269.0,268.0,
24,41,corridor,gap,Maupuia Road,"Maupuia, Miramar",Quiet street (30 km/h + filter),1040.432,0.0,0.104,0.208,0.312,61.407,87.778,21.883,7.419,282.018,0.103,295.105,1,368.881,0.19,0.591,1,0,Not in plan,mixed,2778.0,50.0,0.0,66.0,21.0,10.0,36.0,0.116,False,17.0,12.0,
25,77,corridor,gap,Stone Street,Miramar,Quiet street (30 km/h + filter),329.561,0.0,0.033,0.066,0.1,22.285,21.705,1.04,0.809,18.921,0.037,338.098,0,338.098,0.0,0.045,1,1,Not in plan,mixed,2484.0,50.0,0.0,197.0,34.0,19.0,65.0,0.0,False,8.0,7.0,
26,37,corridor,gap,Old Porirua Road,Ngaio,Quiet street (30 km/h + filter),1305.779,0.0,0.131,0.261,0.392,64.985,109.342,34.029,28.254,371.04,0.109,248.838,1,311.047,0.097,0.523,2,1,Not in plan,mixed,460.0,50.0,0.0,11.0,17.0,10.0,28.0,0.109,False,195.0,194.0,
27,11,corridor,gap,Miramar Avenue,Miramar,Protected lane,673.74,0.0,0.505,1.078,2.291,254.9,327.189,73.262,33.85,1192.957,0.429,236.46,1,295.575,0.57,2.463,8,2,Planned (WCC),mixed,12920.0,40.0,0.0,121.0,31.0,18.0,70.0,0.004,False,36.0,39.0,
28,92,corridor,gap,Cuba Street,Te Aro,Quiet street (30 km/h + filter),498.43,0.0,0.05,0.1,0.15,18.387,23.107,2.053,1.308,21.866,0.031,184.447,2,276.67,0.003,0.048,1,0,Not in plan,mixed,2670.0,30.0,0.0,40.0,33.0,18.0,81.0,0.003,False,131.0,123.0,
29,52,corridor,council plan,Murphy Street,Thorndon,Protected lane,99.984,0.0,0.1,0.25,0.5,44.15,58.253,9.404,1.589,119.054,0.074,176.6,2,264.9,0.062,0.283,3,0,Planned (WCC),painted_lane,9661.0,50.0,0.0,,42.0,22.0,83.0,0.0,False,6.0,13.0,
30,7,corridor,gap,The Terrace,"Wellington Central, Te Aro",Protected lane,1997.009,226.91,1.498,3.195,6.79,543.668,829.675,215.719,120.249,1848.263,0.915,170.151,2,255.226,0.592,2.905,21,4,Unfunded (ex-LGWM),mixed,16573.0,30.0,0.0,24.0,26.0,16.0,45.0,0.003,False,30.0,27.0,
31,53,corridor,gap,Oxford Street,Tawa,Quiet street (30 km/h + filter),1078.21,7.576,0.108,0.216,0.323,42.195,46.459,3.83,0.76,56.146,0.071,195.669,1,244.587,0.012,0.135,2,0,Planned (WCC),mixed,2130.0,50.0,0.0,16.0,41.0,25.0,84.0,0.0,False,11.0,9.0,
32,51,corridor,council plan,Karori Road,Karori,Protected lane,81.956,0.0,0.1,0.25,0.5,47.188,52.739,10.992,10.072,67.43,0.079,188.752,1,235.94,0.004,0.132,1,1,Planned (WCC),sharrow,7514.0,50.0,0.0,,31.0,19.0,46.0,0.0,False,19.0,24.0,
33,79,corridor,gap,Rex Street,Miramar,Quiet street (30 km/h + filter),479.609,0.0,0.048,0.096,0.144,22.192,22.435,2.181,1.937,23.395,0.037,231.351,0,231.351,0.001,0.052,0,0,Not in plan,mixed,1987.0,50.0,0.0,167.0,36.5,24.0,54.0,0.0,False,22.0,31.0,
34,55,corridor,gap,Mulgrave Street,"Pipitea, Thorndon",Protected lane,159.606,0.0,0.12,0.255,0.543,37.816,43.786,4.692,0.143,62.852,0.064,148.085,2,222.127,0.021,0.153,8,3,Planned (WCC),sharrow,12659.0,50.0,0.0,179.0,80.0,38.0,161.0,0.0,False,33.0,22.0,
35,84,corridor,gap,Brussels Street,Miramar,Quiet street (30 km/h + filter),493.047,257.512,0.049,0.099,0.148,20.78,20.975,1.704,1.504,22.169,0.035,210.73,0,210.73,0.001,0.05,0,0,Not in plan,mixed,2870.0,50.0,0.0,193.0,41.0,28.0,62.1,0.0,False,26.0,36.0,
36,67,corridor,gap,Sar Street,"Wadestown, Pipitea",Quiet street (30 km/h + filter),856.534,0.0,0.086,0.171,0.257,28.734,36.618,7.099,4.447,114.144,0.048,167.733,1,209.666,0.031,0.233,3,1,Not in plan,mixed,770.0,50.0,0.0,131.0,32.0,23.0,43.0,0.0,False,243.0,242.0,
37,116,corridor,gap,College Street,Te Aro,Quiet street (30 km/h + filter),219.716,0.0,0.03,0.05,0.1,7.823,10.311,1.697,0.248,16.69,0.013,156.468,1,195.585,0.011,0.039,1,0,Not in plan,mixed,2030.0,30.0,0.0,108.0,47.0,17.0,82.0,0.01,False,232.0,231.0,
38,96,corridor,gap,Cameron Street,Kaiwharawhara,Quiet street (30 km/h + filter),535.49,267.643,0.054,0.107,0.161,15.911,20.575,4.124,1.378,70.693,0.027,148.564,1,185.705,0.032,0.158,2,1,Planned (WCC),painted_lane,710.0,30.0,0.5,79.0,36.0,26.0,48.0,0.0,False,218.0,217.0,
39,13,corridor,gap,Tauhinu Road,Miramar,Protected lane,896.556,239.1,0.672,1.434,3.048,204.188,256.021,58.119,23.604,917.434,0.344,142.342,1,177.927,0.441,1.923,5,0,Not in plan,mixed,7970.0,50.0,0.0,33.0,46.0,27.0,77.0,0.0,False,21.0,23.0,
40,87,corridor,gap,Strathavon Road,Miramar,Quiet street (30 km/h + filter),552.012,0.0,0.055,0.11,0.166,19.06,19.497,1.018,0.905,18.872,0.032,172.637,0,172.637,0.0,0.044,0,0,Not in plan,mixed,760.0,50.0,0.0,3.0,49.0,31.0,79.0,0.0,False,191.0,190.0,4.0
41,18,corridor,gap,Dixon Street,Te Aro,Protected lane,612.802,0.0,0.46,0.98,2.084,168.365,195.845,24.057,14.185,287.898,0.283,171.717,0,171.717,0.055,0.594,12,1,Unfunded (ex-LGWM),mixed,5000.0,30.0,0.0,50.0,50.0,30.9,68.0,0.0,False,40.0,42.0,
42,85,corridor,gap,Kauri Street,Miramar,Quiet street (30 km/h + filter),618.686,0.0,0.062,0.124,0.186,20.605,20.274,0.702,0.403,18.167,0.035,166.521,0,166.521,0.001,0.044,0,0,Not in plan,mixed,1280.0,50.0,0.0,30.0,60.0,34.0,109.0,0.0,False,14.0,11.0,
43,44,corridor,council plan,Russell Terrace,Newtown,Protected lane,233.18,0.0,0.175,0.373,0.793,60.709,91.699,20.635,17.297,147.056,0.102,162.72,0,162.72,0.022,0.268,5,2,Planned (WCC),mixed,9170.0,50.0,0.0,,35.0,18.0,59.1,0.009,False,41.0,44.0,
44,12,corridor,gap,Taranaki Street,"Te Aro, Mt Cook, Wellington Central",Protected lane,1468.002,140.08,1.101,2.349,4.991,230.608,290.225,34.35,13.589,381.972,0.388,98.181,2,147.272,0.105,0.859,26,2,Unfunded (ex-LGWM),mixed,17300.0,50.0,0.0,49.0,54.5,34.0,76.0,0.0,False,42.0,45.0,
45,93,corridor,gap,Friend Street,Karori,Quiet street (30 km/h + filter),636.469,0.0,0.064,0.127,0.191,18.347,23.875,3.613,3.364,17.6,0.031,144.132,0,144.132,0.001,0.035,0,0,Planned (WCC),sharrow,1830.0,50.0,0.0,155.0,42.0,27.0,57.0,0.0,False,258.0,257.0,
46,58,corridor,gap,Karori Road,Karori,Protected lane,227.475,0.0,0.171,0.364,0.773,34.242,44.579,6.056,5.398,40.056,0.058,94.082,2,141.123,0.003,0.082,3,1,Unfunded (ex-LGWM),sharrow,14793.0,30.0,0.0,75.0,52.0,29.0,84.0,0.0,False,29.0,25.0,
47,76,corridor,gap,Whitmore Street,Wellington Central,Protected lane,84.423,0.0,0.1,0.25,0.5,22.987,29.514,5.064,1.277,56.038,0.039,91.946,2,137.919,0.025,0.126,1,0,Planned (WCC),painted_lane,9199.0,30.0,0.488,63.0,51.0,30.0,83.0,0.0,False,23.0,18.0,
48,73,corridor,council plan,Glenmore Street,Kelburn,Protected lane,245.384,0.0,0.129,0.275,0.585,23.884,41.051,11.181,5.513,85.648,0.04,86.771,2,130.157,0.054,0.166,1,0,Unfunded (ex-LGWM),sharrow,15941.0,50.0,0.747,,42.0,25.0,68.0,0.0,False,129.0,153.0,
49,28,corridor,gap,Tory Street,Te Aro,Protected lane,832.83,0.0,0.625,1.333,2.832,110.033,127.135,11.953,3.98,146.711,0.185,82.575,2,123.862,0.041,0.338,15,4,Planned (WCC),mixed,8680.0,30.0,0.0,74.0,66.0,40.0,92.0,0.0,False,51.0,48.0,
50,24,corridor,council plan,Moxham Avenue,Hataitai,Protected lane,616.679,0.0,0.463,0.987,2.097,112.48,164.137,33.474,24.083,258.12,0.189,113.998,0,113.998,0.059,0.492,5,0,Unfunded (ex-LGWM),mixed,6250.0,50.0,0.0,,53.0,33.0,76.0,0.0,False,89.0,122.0,
51,114,corridor,gap,Lyndfield Lane,Newlands,Quiet street (30 km/h + filter),512.219,0.0,0.051,0.102,0.154,9.317,18.65,6.686,1.432,80.715,0.016,90.947,1,113.684,0.113,0.167,0,0,Not in plan,mixed,970.0,50.0,0.0,163.0,39.0,22.0,54.0,0.0,False,265.0,264.0,
52,39,corridor,gap,Aro Street,Aro Valley,Protected lane,524.406,0.0,0.386,0.823,1.749,61.814,82.416,13.439,7.366,149.26,0.104,75.124,2,112.686,0.047,0.316,3,0,Planned (WCC),painted_lane,11995.0,30.0,0.048,60.0,56.0,36.0,72.0,0.0,False,20.0,21.0,
53,38,corridor,gap,Coromandel Street,Newtown,Protected lane,542.972,189.299,0.341,0.726,1.544,63.202,88.292,19.387,16.461,175.954,0.106,87.007,1,108.759,0.023,0.319,1,1,Not in plan,mixed,3880.0,40.0,0.41,83.0,49.0,31.0,69.0,0.0,False,220.0,219.0,
54,14,corridor,gap,Broderick Road,Johnsonville,Protected lane,1716.933,455.438,1.288,2.747,5.838,198.892,355.445,102.903,29.153,1246.08,0.335,72.401,2,108.602,1.556,2.481,2,0,Planned (WCC),mixed,10242.0,50.0,0.0,82.0,48.5,28.0,67.0,0.0,False,27.0,30.0,
55,20,corridor,gap,Victoria Street,"Te Aro, Wellington Central, Mt Cook",Protected lane,1179.152,0.0,0.884,1.887,4.009,136.189,168.375,24.549,8.019,258.834,0.229,72.186,2,108.279,0.093,0.575,18,2,Unfunded (ex-LGWM),sharrow,12326.0,30.0,0.0,18.0,65.0,39.0,87.0,0.0,False,44.0,49.0,
56,16,corridor,gap,Tinakori Road,Thorndon,Protected lane,1739.82,285.074,1.305,2.784,5.915,195.956,250.657,43.144,11.77,619.4,0.33,70.394,2,105.59,0.284,1.389,9,0,Not in plan,mixed,13090.0,50.0,0.0,87.0,61.0,37.0,90.0,0.0,False,46.0,65.0,
57,94,corridor,council plan,Kaiwharawhara Road,Kaiwharawhara,Protected lane,167.451,0.0,0.126,0.268,0.569,18.256,22.121,4.894,3.557,83.635,0.031,68.14,2,102.21,0.019,0.165,2,0,Planned (WCC),painted_lane,9454.0,50.0,0.0,,56.0,36.0,74.0,0.0,False,52.0,55.0,
58,113,corridor,gap,McLellan Street,Tawa,Quiet street (30 km/h + filter),481.432,0.0,0.048,0.096,0.144,9.403,9.48,0.834,0.778,18.616,0.016,97.657,0,97.657,0.0,0.042,1,0,Planned (WCC),mixed,2900.0,50.0,0.104,125.0,66.0,47.0,89.0,0.0,False,241.0,240.0,
59,88,corridor,council plan,Hunter Street,Wellington Central,Protected lane,116.854,0.0,0.1,0.25,0.5,18.858,23.175,5.937,4.207,69.021,0.032,75.432,1,94.29,0.02,0.12,5,0,Unfunded (ex-LGWM),mixed,18277.0,30.0,0.0,,52.0,31.0,86.1,0.0,False,43.0,43.0,
60,33,corridor,gap,Featherston Street,"Wellington Central, Pipitea",Protected lane,700.602,74.79,0.525,1.121,2.382,81.581,90.757,9.673,0.642,143.793,0.137,72.778,1,90.972,0.048,0.35,16,1,Unfunded (ex-LGWM),sharrow,7923.0,30.0,0.0,46.0,86.0,40.0,145.1,0.0,False,38.0,40.0,
61,60,corridor,gap,Chaytor Street,"Kelburn, Northland, Karori",Protected lane,380.434,0.0,0.271,0.578,1.228,32.965,70.383,21.333,10.175,94.317,0.055,57.039,2,85.558,0.098,0.167,11,2,Unfunded (ex-LGWM),painted_lane,18846.0,50.0,0.126,54.0,43.5,23.0,73.0,0.0,False,3.0,2.0,
62,137,corridor,gap,Byron Street,Miramar,Quiet street (30 km/h + filter),265.082,0.0,0.03,0.053,0.1,4.448,4.41,0.179,0.16,2.659,0.007,83.894,0,83.894,0.0,0.006,0,0,Not in plan,mixed,630.0,50.0,0.0,118.0,87.0,56.0,125.0,0.0,False,236.0,235.0,
63,98,corridor,council plan,Chaffers Street,Te Aro,Protected lane,89.517,0.0,0.1,0.25,0.5,15.657,16.651,1.338,0.306,18.731,0.026,62.628,1,78.285,0.004,0.045,2,0,Planned (WCC),mixed,7210.0,30.0,0.0,,91.0,57.9,134.0,0.0,False,62.0,69.0,
64,34,corridor,gap,Adelaide Road,"Newtown, Berhampore",Protected lane,938.607,358.463,0.704,1.502,3.191,75.865,116.573,27.494,18.859,188.725,0.128,50.517,2,75.775,0.05,0.335,8,1,Not in plan,mixed,14240.0,50.0,0.0,44.0,57.0,37.0,77.0,0.0,False,59.0,58.0,
65,90,crossing,crossing,Daniell Street at Wilson Street,Newtown,Raised zebra / refuge,0.0,,0.15,0.25,0.4,18.667,26.912,5.824,2.637,71.593,0.031,74.669,0,74.669,0.029,0.152,1,0,Planned (WCC),unsignalised,1880.0,40.0,0.0,2.0,60.0,39.0,100.0,0.0,False,56.0,75.0,
66,74,corridor,gap,Sutherland Road,"Melrose, Lyall Bay",Quiet street (30 km/h + filter),1598.688,632.855,0.16,0.32,0.48,23.754,30.748,8.707,7.276,83.395,0.04,74.291,0,74.291,0.016,0.129,2,1,Not in plan,mixed,1950.0,50.0,0.0,145.0,52.0,30.0,74.0,0.0,False,88.0,54.0,
67,26,corridor,gap,Nicholson Road,Khandallah,Protected lane,1195.029,0.0,0.896,1.912,4.063,111.671,204.131,65.461,40.396,664.656,0.188,58.404,1,73.005,0.389,1.047,1,1,Planned (WCC),mixed,4040.0,50.0,0.0,38.0,52.0,29.0,83.1,0.0,False,154.0,155.0,
68,101,corridor,gap,Hataitai Road,Hataitai,Quiet street (30 km/h + filter),1036.067,0.0,0.104,0.207,0.311,15.009,23.512,6.903,5.451,36.723,0.025,72.433,0,72.433,0.013,0.062,0,0,Not in plan,mixed,2627.0,50.0,0.0,176.0,45.0,25.0,75.0,0.0,False,39.0,16.0,
69,65,corridor,gap,Johnsonville Road,Johnsonville,Protected lane,410.891,5.014,0.308,0.657,1.397,29.844,46.331,11.246,2.26,152.173,0.05,45.395,2,68.093,0.203,0.326,8,2,Planned (WCC),painted_lane,22000.0,50.0,0.0,45.0,70.0,46.0,91.0,0.0,False,76.0,84.0,
70,45,corridor,gap,Customhouse Quay,Wellington Central,Protected lane,857.557,421.132,0.643,1.372,2.916,57.186,64.248,8.036,4.434,102.829,0.096,41.678,2,62.517,0.016,0.226,15,1,Desired only,mixed,20604.0,40.0,0.0,109.0,85.5,57.0,126.0,0.0,False,63.0,67.0,
71,83,corridor,council plan,John Street,"Mt Cook, Newtown",Protected lane,264.131,0.0,0.198,0.423,0.898,21.062,31.992,7.034,4.876,49.893,0.035,49.838,1,62.297,0.015,0.091,7,0,Unfunded (ex-LGWM),mixed,21727.0,50.0,0.0,,69.0,43.0,92.0,0.0,False,48.0,35.0,
72,27,corridor,gap,Severn Street,Island Bay,Protected lane,1117.689,200.189,0.838,1.788,3.8,111.268,160.645,44.763,32.423,536.552,0.187,62.22,0,62.22,0.169,0.891,0,0,Not in plan,mixed,3240.0,50.0,0.0,129.0,61.0,38.0,88.0,0.0,False,61.0,63.0,
73,49,crossing,crossing,Tory Street at Tennyson Street,Te Aro,Signalised crossing,0.0,,0.5,0.8,1.5,48.622,59.291,5.332,4.14,49.652,0.082,60.778,0,60.778,0.004,0.107,0,0,Unfunded (ex-LGWM),unsignalised,8650.0,30.0,0.0,19.0,80.0,55.0,105.0,0.0,False,74.0,77.0,
74,46,corridor,gap,Para Street,Miramar,Protected lane,577.68,0.0,0.433,0.924,1.964,55.129,56.651,5.075,3.031,89.627,0.093,59.644,0,59.644,0.009,0.208,1,0,Not in plan,mixed,6035.0,50.0,0.0,43.0,88.0,61.0,111.0,0.0,False,13.0,15.0,
75,123,corridor,gap,Burbank Crescent,Churton Park,Quiet street (30 km/h + filter),547.256,0.0,0.055,0.109,0.164,6.371,8.828,0.583,0.092,5.797,0.011,58.204,0,58.204,0.001,0.014,0,0,Not in plan,mixed,2680.0,50.0,0.0,159.0,87.0,58.0,129.0,0.0,False,262.0,261.0,
76,102,crossing,crossing,Featherston Street at ,Pipitea,Raised zebra / refuge,0.0,,0.15,0.25,0.4,14.354,17.212,4.028,2.858,51.303,0.024,57.416,0,57.416,0.013,0.093,0,0,Unfunded (ex-LGWM),unsignalised,7923.0,30.0,0.0,30.0,66.0,49.0,86.0,0.0,False,67.0,68.0,
77,35,corridor,gap,Hamilton Road,Hataitai,Protected lane,856.277,0.0,0.642,1.37,2.911,74.511,105.737,19.575,13.742,179.357,0.125,54.386,0,54.386,0.039,0.355,1,0,Not in plan,mixed,6708.0,50.0,0.0,48.0,72.0,47.0,101.1,0.0,False,207.0,206.0,
78,36,corridor,gap,Wellington Road,"Hataitai, Kilbirnie","Protected lane (state highway, NZTA)",947.211,252.892,0.947,1.894,3.221,67.03,85.233,15.081,8.224,174.191,0.113,35.383,2,53.074,0.054,0.382,6,1,Unfunded (ex-LGWM),mixed,34190.0,50.0,0.0,134.0,75.0,49.0,126.0,0.0,False,68.0,71.0,
79,61,corridor,gap,Pirie Street,Mt Victoria,Protected lane,553.587,197.265,0.415,0.886,1.882,31.279,36.112,3.863,2.026,42.542,0.053,35.314,2,52.971,0.008,0.097,4,0,Not in plan,mixed,4060.0,50.0,0.0,123.0,92.0,61.0,142.0,0.0,False,85.0,86.0,
80,121,corridor,gap,Churton Drive,Churton Park,Quiet street (30 km/h + filter),714.277,185.473,0.071,0.143,0.214,6.689,7.668,0.253,0.035,5.489,0.011,46.823,0,46.823,0.001,0.013,0,0,Not in plan,mixed,1190.0,50.0,0.0,71.0,95.0,67.0,170.1,0.0,False,215.0,214.0,
81,42,corridor,gap,Upland Road,"Kelburn, Northland",Protected lane,1249.91,97.613,0.937,2.0,4.25,60.796,98.323,15.392,4.649,97.097,0.102,30.4,2,45.601,0.061,0.212,4,0,Planned (WCC),mixed,10891.0,50.0,0.0,34.0,80.0,54.0,105.0,0.0,False,49.0,47.0,
82,31,corridor,gap,Park Road,Miramar,Protected lane,1308.804,0.0,0.982,2.094,4.45,88.595,90.645,10.28,8.317,97.834,0.149,42.307,0,42.307,0.006,0.215,8,0,Planned (WCC),mixed,11691.0,50.0,0.0,9.0,95.0,71.0,113.0,0.0,False,65.0,73.0,
83,30,corridor,gap,Onslow Road,Khandallah,Protected lane,1834.1,0.0,1.376,2.935,6.236,96.471,158.23,47.648,30.829,595.705,0.162,32.874,1,41.093,0.271,0.994,1,0,Not in plan,mixed,5939.0,50.0,0.0,59.0,71.0,46.0,100.0,0.0,False,81.0,91.0,
84,145,corridor,gap,Argentine Avenue,Miramar,Quiet street (30 km/h + filter),377.279,0.0,0.038,0.075,0.113,3.074,3.051,0.075,0.062,2.435,0.005,40.745,0,40.745,0.0,0.006,0,0,Not in plan,mixed,454.0,50.0,0.0,194.0,107.5,70.0,154.0,0.0,False,279.0,278.0,
85,143,corridor,gap,Frankmoore Avenue,Johnsonville,Quiet street (30 km/h + filter),493.591,0.0,0.049,0.099,0.148,3.152,7.82,1.52,0.326,3.788,0.005,31.925,1,39.906,0.004,0.008,1,0,Not in plan,mixed,2780.0,50.0,0.0,126.0,68.0,34.0,103.0,0.0,False,242.0,241.0,
86,112,corridor,council plan,Liardet Street,Mornington,Protected lane,130.624,0.0,0.1,0.25,0.5,9.911,14.737,3.595,2.486,30.394,0.017,39.645,0,39.645,0.009,0.057,0,0,Planned (WCC),mixed,4380.0,50.0,0.0,,79.0,55.9,107.0,0.0,False,83.0,83.0,
87,126,corridor,gap,Alexandra Road,"Newtown, Hataitai",Quiet street (30 km/h + filter),1241.401,0.0,0.124,0.248,0.372,6.181,11.36,3.08,1.813,18.401,0.01,24.895,2,37.342,0.01,0.032,2,0,Not in plan,mixed,893.0,50.0,0.0,170.0,66.0,45.0,92.0,0.0,False,270.0,269.0,
88,47,corridor,gap,Courtenay Place,Te Aro,Protected lane,899.41,98.157,0.675,1.439,3.058,51.646,56.311,3.834,0.8,49.642,0.087,35.888,0,35.888,0.009,0.119,16,4,Unfunded (ex-LGWM),bus_lane,8700.0,30.0,0.0,137.0,120.0,79.0,161.0,0.0,False,94.0,88.0,
89,153,corridor,council plan,McKinley Crescent,Brooklyn,Quiet street (30 km/h + filter),337.732,0.0,0.034,0.068,0.101,2.363,4.754,1.312,0.587,4.621,0.004,34.987,0,34.987,0.006,0.008,1,0,Planned (WCC),mixed,1610.0,50.0,0.0,,70.0,49.0,92.0,0.0,False,296.0,295.0,
90,115,corridor,gap,Marine Parade,Seatoun,Quiet street (30 km/h + filter),1231.671,0.0,0.123,0.246,0.37,8.546,8.7,1.204,1.161,10.818,0.014,34.691,0,34.691,0.0,0.024,0,0,Planned (WCC),mixed,2080.0,50.0,0.0,128.0,90.0,70.0,107.0,0.0,False,105.0,100.0,
91,68,corridor,gap,Riddiford Street,Newtown,Protected lane,632.583,0.0,0.474,1.012,2.151,27.365,35.479,6.054,2.327,67.44,0.046,27.037,1,33.796,0.027,0.151,13,2,Planned (WCC),mixed,14904.0,40.0,0.0,10.0,100.0,76.0,118.0,0.0,False,87.0,89.0,
92,57,corridor,gap,Ghuznee Street,Te Aro,Protected lane,669.894,0.0,0.502,1.072,2.278,35.421,52.155,6.911,0.62,47.587,0.06,33.048,0,33.048,0.022,0.114,5,0,Unfunded (ex-LGWM),mixed,12835.0,30.0,0.0,15.0,103.0,76.0,152.0,0.0,False,93.0,92.0,
93,103,corridor,gap,Bassett Road,Johnsonville,Protected lane,347.453,0.0,0.261,0.556,1.181,14.197,19.531,1.543,0.35,13.461,0.024,25.538,1,31.923,0.004,0.032,0,0,Not in plan,mixed,5383.0,50.0,0.0,55.0,113.0,82.0,141.0,0.0,False,24.0,37.0,
94,54,corridor,gap,Lyall Parade,Lyall Bay,Protected lane,806.854,296.143,0.605,1.291,2.743,41.196,41.501,5.893,5.624,42.789,0.069,31.911,0,31.911,0.001,0.09,3,2,Planned (WCC),mixed,10200.0,30.0,0.0,169.0,102.0,77.0,123.1,0.0,False,80.0,82.0,
95,43,corridor,gap,Hobart Street,Miramar,Protected lane,1190.615,444.318,0.893,1.905,4.048,60.71,59.409,2.647,1.961,53.919,0.102,31.869,0,31.869,0.001,0.128,6,0,Planned (WCC),mixed,12237.0,50.0,0.0,28.0,118.0,88.0,152.0,0.0,False,72.0,72.0,
96,64,corridor,gap,Boulcott Street,"Wellington Central, Mt Victoria, Kelburn",Protected lane,597.562,99.685,0.448,0.956,2.032,30.178,56.647,13.623,1.776,84.401,0.051,31.563,0,31.563,0.079,0.196,6,0,Not in plan,mixed,7268.0,30.0,0.0,41.0,90.0,51.0,122.0,0.0,False,77.0,66.0,
97,40,corridor,gap,Burma Road,"Broadmeadows, Khandallah, Johnsonville",Protected lane,1526.406,0.0,1.145,2.442,5.19,61.58,72.583,6.008,1.816,95.658,0.104,25.214,1,31.518,0.022,0.225,7,3,Planned (WCC),mixed,14678.0,50.0,0.0,14.0,114.0,86.0,140.0,0.0,False,58.0,57.0,
98,109,corridor,council plan,Cable Street,"Te Aro, Wellington Central",Protected lane,346.075,0.0,0.26,0.554,1.177,10.426,12.025,1.37,0.206,16.222,0.018,18.83,2,28.245,0.006,0.038,2,1,Desired only,mixed,20170.0,50.0,0.0,,122.0,71.0,160.0,0.0,False,99.0,106.0,
99,138,corridor,gap,Raukawa Street,Strathmore Park,Quiet street (30 km/h + filter),780.876,56.703,0.078,0.156,0.234,4.373,5.496,2.537,2.416,2.875,0.007,27.998,0,27.998,0.0,0.003,0,0,Not in plan,mixed,1940.0,50.0,0.0,157.0,76.0,40.0,106.0,0.0,False,260.0,259.0,
100,22,corridor,gap,Queens Drive,"Lyall Bay, Kilbirnie, Houghton Bay",Protected lane,2785.127,1503.852,2.089,4.456,9.469,122.163,153.399,37.404,29.286,423.801,0.206,27.414,0,27.414,0.093,0.735,5,2,Planned (WCC),mixed,10299.0,50.0,0.0,99.0,92.5,68.0,119.0,0.0,False,120.0,117.0,
101,161,corridor,gap,Glamis Avenue,Strathmore Park,Quiet street (30 km/h + filter),352.095,0.0,0.035,0.07,0.106,1.853,1.999,0.316,0.313,1.481,0.003,26.318,0,26.318,0.0,0.003,1,1,Not in plan,mixed,380.0,50.0,0.0,101.0,93.0,72.0,116.0,0.0,False,227.0,226.0,
102,157,corridor,gap,Agra Crescent,Khandallah,Quiet street (30 km/h + filter),394.08,0.0,0.039,0.079,0.118,2.052,2.751,0.253,0.174,1.221,0.003,26.039,0,26.039,0.0,0.003,1,1,Not in plan,mixed,2470.0,40.0,0.0,138.0,102.0,83.0,116.0,0.0,False,47.0,51.0,
103,71,corridor,gap,Brougham Street,Mt Victoria,Protected lane,754.188,83.06,0.566,1.207,2.564,24.598,30.84,4.51,3.623,43.399,0.041,20.384,1,25.48,0.004,0.09,1,1,Not in plan,mixed,3200.0,50.0,0.0,47.0,103.0,71.0,180.0,0.0,False,206.0,205.0,
104,119,corridor,gap,Mairangi Road,"Wadestown, Wilton",Quiet street (30 km/h + filter),1455.241,0.0,0.146,0.291,0.437,7.242,8.685,0.566,0.452,6.219,0.012,24.884,0,24.884,0.0,0.014,1,0,Planned (WCC),mixed,1160.0,50.0,0.0,107.0,110.0,89.0,133.0,0.0,False,231.0,230.0,
105,146,corridor,gap,Wexford Road,Miramar,Quiet street (30 km/h + filter),625.297,0.0,0.063,0.125,0.188,3.071,3.834,0.236,0.047,3.683,0.005,24.559,0,24.559,0.001,0.009,0,0,Not in plan,mixed,1530.0,50.0,0.0,114.0,119.0,89.0,157.1,0.0,False,234.0,233.0,
106,50,corridor,gap,Newlands Road,Newlands,Protected lane,1517.267,0.0,1.138,2.428,5.159,47.669,85.14,24.739,4.509,290.347,0.08,19.636,1,24.545,0.401,0.617,6,1,Planned (WCC),mixed,15669.0,50.0,0.0,26.0,99.5,71.0,120.0,0.0,False,66.0,64.0,
107,149,corridor,gap,Jubilee Road,Khandallah,Quiet street (30 km/h + filter),657.93,0.0,0.066,0.132,0.197,2.833,4.295,0.569,0.538,3.607,0.005,21.527,0,21.527,0.0,0.007,0,0,Not in plan,mixed,1190.0,50.0,0.0,165.0,93.0,68.0,119.0,0.0,False,267.0,266.0,
108,105,corridor,gap,Massey Road,Maupuia,Quiet street (30 km/h + filter),3098.819,53.632,0.31,0.62,0.93,13.219,18.291,1.729,1.016,27.738,0.022,21.329,0,21.329,0.004,0.063,2,1,Planned (WCC),mixed,1100.0,40.0,0.001,7.0,109.0,92.0,122.0,0.0,False,193.0,192.0,
109,66,corridor,gap,Bracken Road,"Paparangi, Newlands",Protected lane,880.803,0.0,0.661,1.409,2.995,28.83,39.949,3.748,0.588,29.826,0.049,20.457,0,20.457,0.01,0.071,1,0,Planned (WCC),mixed,9721.0,50.0,0.0,85.0,127.0,98.0,159.0,0.0,False,84.0,79.0,
110,97,crossing,crossing,Ruahine Street at ,Hataitai,Signalised crossing,0.0,,0.5,0.8,1.5,15.824,21.729,4.118,2.632,49.569,0.027,19.78,0,19.78,0.013,0.1,0,0,Unfunded (ex-LGWM),unsignalised,34190.0,70.0,0.0,49.0,110.0,56.0,159.1,0.0,False,174.0,120.0,
111,108,corridor,council plan,Britomart Street,Berhampore,Protected lane,518.679,0.0,0.389,0.83,1.764,10.867,17.184,4.133,3.375,20.002,0.018,13.094,2,19.641,0.004,0.033,0,0,Planned (WCC),mixed,4380.0,50.0,0.0,,95.0,50.0,154.0,0.0,False,103.0,90.0,
112,106,crossing,crossing,Karori Road at Lancaster Street,Karori,Signalised crossing,0.0,,0.5,0.8,1.5,12.048,17.841,3.818,3.485,13.304,0.02,15.06,1,18.825,0.001,0.023,1,0,Unfunded (ex-LGWM),unsignalised,16536.0,30.0,0.0,33.0,114.0,83.9,143.0,0.0,False,95.0,108.0,
113,156,corridor,gap,Hawtrey Terrace,Johnsonville,Quiet street (30 km/h + filter),609.057,418.305,0.061,0.122,0.183,2.19,5.288,0.927,0.129,3.377,0.004,17.982,0,17.982,0.003,0.008,0,0,Not in plan,mixed,1830.0,50.0,0.0,136.0,102.0,69.0,129.0,0.0,False,246.0,245.0,
114,89,corridor,council plan,Brooklyn Road,"Mt Cook, Brooklyn, Aro Valley",Protected lane,1306.533,0.0,0.627,1.337,2.841,18.719,27.958,5.374,1.874,38.926,0.032,13.999,1,17.499,0.021,0.085,9,3,Planned (WCC),mixed,14898.0,50.0,0.901,,115.0,87.0,133.1,0.0,False,97.0,98.0,
115,59,corridor,gap,Kelburn Parade,Kelburn,Protected lane,1216.823,12.371,0.913,1.947,4.137,33.51,64.714,7.579,0.518,31.215,0.056,17.212,0,17.212,0.017,0.074,3,0,Not in plan,mixed,12623.0,50.0,0.0,12.0,123.0,95.0,171.1,0.0,False,111.0,103.0,
116,69,corridor,gap,Daniell Street,Newtown,Protected lane,989.718,0.0,0.742,1.584,3.365,27.224,34.762,9.444,6.792,61.998,0.046,17.192,0,17.192,0.023,0.131,3,0,Not in plan,mixed,5000.0,40.0,0.0,23.0,107.0,74.0,142.0,0.0,False,102.0,126.0,
117,142,corridor,council plan,South Karori Road,Karori,Quiet street (30 km/h + filter),1232.506,0.0,0.123,0.247,0.37,3.297,3.36,0.584,0.578,3.305,0.006,13.374,1,16.718,0.0,0.007,0,0,Planned (WCC),sharrow,2530.0,50.0,0.0,,111.5,89.0,130.0,0.0,False,101.0,95.0,
118,81,corridor,gap,Broadway,"Strathmore Park, Miramar",Protected lane,931.025,129.472,0.698,1.49,3.165,21.861,31.718,4.4,3.38,37.865,0.037,14.676,0,14.676,0.005,0.081,6,2,Planned (WCC),mixed,12659.0,50.0,0.0,17.0,119.0,93.0,141.0,0.0,False,82.0,96.0,
119,95,corridor,gap,Vivian Street,Te Aro,"Protected lane (state highway, NZTA)",894.583,221.338,0.895,1.789,3.042,17.291,22.465,2.942,0.558,28.54,0.029,9.664,2,14.496,0.017,0.067,8,2,Not in plan,mixed,26556.0,50.0,0.0,187.0,127.0,83.0,159.0,0.0,False,121.0,102.0,
120,139,corridor,gap,Totara Road,Miramar,Quiet street (30 km/h + filter),1337.964,0.0,0.134,0.268,0.401,3.855,6.767,1.803,1.398,4.2,0.006,14.407,0,14.407,0.001,0.007,0,0,Not in plan,mixed,1020.0,50.0,0.0,120.0,98.0,73.0,125.0,0.0,False,238.0,237.0,
121,171,corridor,gap,Wilson Street,Newtown,Quiet street (30 km/h + filter),308.573,0.0,0.031,0.062,0.1,0.867,1.377,0.12,0.051,0.624,0.001,14.053,0,14.053,0.0,0.001,0,0,Planned (WCC),sharrow,750.0,40.0,1.0,37.0,123.0,42.9,201.0,0.0,False,204.0,203.0,
122,82,corridor,council plan,Ruahine Street,Hataitai,"Protected lane (state highway, NZTA)",943.119,0.0,0.943,1.886,3.207,21.143,36.457,8.524,5.492,52.511,0.036,11.209,1,14.012,0.02,0.094,1,0,Unfunded (ex-LGWM),mixed,34190.0,50.0,0.0,,113.0,87.0,136.0,0.0,False,100.0,118.0,
123,62,corridor,council plan,The Esplanade,"Island Bay, Houghton Bay, Lyall Bay",Protected lane,1702.75,0.0,1.277,2.724,5.789,30.493,37.265,7.643,4.591,116.501,0.051,11.193,1,13.991,0.036,0.227,0,0,Planned (WCC),mixed,5774.0,50.0,0.0,,120.0,98.0,138.0,0.0,False,110.0,110.0,
124,164,corridor,gap,Ranui Terrace,Tawa,Quiet street (30 km/h + filter),650.991,0.0,0.065,0.13,0.195,1.818,1.937,0.15,0.13,1.144,0.003,13.966,0,13.966,0.0,0.003,0,0,Not in plan,mixed,628.0,50.0,0.0,116.0,124.0,98.0,146.0,0.0,False,235.0,234.0,
125,168,corridor,gap,Abbott Street,Ngaio,Quiet street (30 km/h + filter),438.088,0.0,0.044,0.088,0.131,1.21,2.291,0.207,0.048,0.474,0.002,13.813,0,13.813,0.0,0.001,1,0,Not in plan,mixed,1040.0,40.0,0.0,196.0,123.0,100.0,142.0,0.0,False,281.0,280.0,
126,111,corridor,gap,Braithwaite Street,Karori,Protected lane,458.177,64.196,0.344,0.733,1.558,10.099,16.68,3.765,3.358,13.235,0.017,13.776,0,13.776,0.001,0.022,1,0,Planned (WCC),painted_lane,4700.0,50.0,0.0,92.0,111.0,75.9,141.0,0.0,False,79.0,97.0,
127,136,corridor,gap,Pembroke Road,"Wilton, Northland",Quiet street (30 km/h + filter),1654.497,0.0,0.165,0.331,0.496,4.529,6.074,1.897,1.797,6.685,0.008,13.686,0,13.686,0.0,0.009,4,1,Planned (WCC),mixed,2290.0,50.0,0.0,142.0,107.0,72.0,133.0,0.0,False,50.0,70.0,
128,147,corridor,gap,Miramar North Road,Miramar,Quiet street (30 km/h + filter),1119.539,0.0,0.112,0.224,0.336,3.004,3.494,0.262,0.156,4.771,0.005,13.417,0,13.417,0.0,0.011,2,0,Not in plan,mixed,320.0,50.0,0.0,174.0,132.0,101.0,154.0,0.0,False,272.0,271.0,
129,91,corridor,gap,Monorgan Road,Strathmore Park,Protected lane,867.773,263.738,0.651,1.388,2.95,18.529,19.331,2.715,2.655,18.044,0.031,13.346,0,13.346,0.0,0.039,2,0,Not in plan,mixed,4419.0,50.0,0.0,103.0,127.0,102.0,146.0,0.0,False,57.0,56.0,
130,86,corridor,gap,Hanson Street,"Mt Cook, Newtown",Protected lane,989.436,0.0,0.742,1.583,3.364,20.604,27.058,2.571,1.271,29.016,0.035,13.015,0,13.015,0.005,0.067,2,0,Not in plan,mixed,5592.0,50.0,0.0,67.0,132.0,99.0,174.0,0.0,False,117.0,127.0,
131,100,corridor,gap,Tasman Street,Mt Cook,Protected lane,938.231,0.0,0.704,1.501,3.19,15.256,20.634,2.786,0.61,24.458,0.026,10.163,1,12.704,0.01,0.057,7,0,Not in plan,mixed,6500.0,50.0,0.0,35.0,136.0,111.0,160.0,0.0,False,113.0,78.0,
132,178,corridor,council plan,Glen Road,Kelburn,Quiet street (30 km/h + filter),174.609,0.0,0.03,0.05,0.1,0.567,1.284,0.275,0.052,1.213,0.001,11.33,0,11.33,0.001,0.003,0,0,Planned (WCC),mixed,1320.0,50.0,0.0,,121.0,97.0,141.0,0.0,False,316.0,315.0,
133,179,corridor,council plan,Samuel Parnell Road,Karori,Quiet street (30 km/h + filter),166.665,0.0,0.03,0.05,0.1,0.557,0.714,0.125,0.125,0.551,0.001,11.131,0,11.131,0.0,0.001,0,0,Planned (WCC),sharrow,880.0,50.0,0.0,,131.0,103.0,145.0,0.0,False,319.0,318.0,
134,172,corridor,gap,Thompson Street,Mt Cook,Quiet street (30 km/h + filter),363.983,0.0,0.036,0.073,0.109,0.793,1.896,0.726,0.325,2.471,0.001,10.887,0,10.887,0.003,0.003,2,0,Not in plan,mixed,1988.0,50.0,0.0,178.0,105.5,70.0,157.0,0.0,False,275.0,274.0,
135,78,corridor,gap,The Esplanade,"Houghton Bay, Island Bay",Protected lane,1613.09,396.027,1.21,2.581,5.485,22.283,27.92,8.136,6.48,98.282,0.037,8.634,1,10.792,0.023,0.159,2,1,Planned (WCC),mixed,6570.0,50.0,0.0,130.0,122.0,90.9,145.0,0.0,False,116.0,124.0,
136,99,corridor,gap,Grant Road,"Thorndon, Wadestown",Protected lane,1344.348,114.92,1.008,2.151,4.571,15.379,26.905,6.177,0.891,43.017,0.026,7.15,2,10.725,0.041,0.099,0,0,Not in plan,mixed,6678.0,50.0,0.0,173.0,124.0,79.0,155.0,0.0,False,132.0,113.0,
137,150,corridor,gap,Nevay Road,"Miramar, Karaka Bays",Quiet street (30 km/h + filter),1303.097,338.709,0.13,0.261,0.391,2.589,2.91,0.12,0.098,2.648,0.004,9.934,0,9.934,0.0,0.006,1,1,Not in plan,mixed,1010.0,50.0,0.0,153.0,142.0,122.0,169.0,0.0,False,256.0,255.0,
138,144,corridor,gap,Woodman Drive,Tawa,Quiet street (30 km/h + filter),1605.151,271.35,0.161,0.321,0.482,3.082,4.443,0.476,0.0,3.62,0.005,9.599,0,9.599,0.001,0.009,0,0,Not in plan,mixed,2260.0,50.0,0.0,192.0,137.0,118.0,220.0,0.0,False,112.0,115.0,
139,129,crossing,crossing,Karori Road at ,Karori,Signalised crossing,0.0,,0.5,0.8,1.5,5.805,7.835,1.144,0.909,8.597,0.01,7.256,1,9.07,0.001,0.018,0,0,Unfunded (ex-LGWM),unsignalised,17109.0,50.0,0.0,26.0,141.0,118.0,168.0,0.0,False,108.0,368.0,
140,80,corridor,gap,Main Road,Tawa,Protected lane,1655.934,196.208,1.242,2.649,5.63,21.931,29.625,2.615,0.243,19.46,0.037,8.277,0,8.277,0.006,0.047,5,1,Not in plan,mixed,17488.0,50.0,0.0,64.0,151.0,129.0,191.0,0.0,False,98.0,85.0,
141,175,corridor,gap,Palm Avenue,Lyall Bay,Quiet street (30 km/h + filter),429.068,0.0,0.043,0.086,0.129,0.707,0.861,0.153,0.105,2.04,0.001,8.233,0,8.233,0.0,0.004,0,0,Not in plan,mixed,250.0,50.0,0.0,102.0,119.0,67.0,151.0,0.0,False,228.0,227.0,
142,56,corridor,gap,Middleton Road,"Glenside, Churton Park, Johnsonville",Protected lane,4197.101,0.0,3.148,6.715,14.27,35.549,66.382,13.197,1.339,77.319,0.06,5.294,2,7.94,0.069,0.182,2,0,Planned (WCC),mixed,6985.0,50.0,0.0,1.0,143.0,116.0,172.0,0.0,False,104.0,107.0,
143,127,crossing,crossing,"Tory Street at Ebor Street, Lorne Street",Te Aro,Signalised crossing,0.0,,0.5,0.8,1.5,6.151,7.049,0.513,0.114,6.164,0.01,7.688,0,7.688,0.001,0.015,1,0,Not in plan,unsignalised,8650.0,30.0,0.0,42.0,162.5,135.9,191.0,0.0,False,73.0,80.0,
144,166,corridor,gap,Redwood Avenue,Tawa,Quiet street (30 km/h + filter),1109.593,25.559,0.111,0.222,0.333,1.692,2.365,0.603,0.495,1.12,0.003,7.624,0,7.624,0.0,0.002,0,0,Not in plan,mixed,2600.0,50.0,0.0,151.0,127.0,98.0,145.0,0.0,False,69.0,59.0,
145,159,corridor,gap,Orangi Kaupapa Road,Northland,Quiet street (30 km/h + filter),1643.534,300.778,0.164,0.329,0.493,1.93,4.205,1.545,1.308,3.127,0.003,5.871,1,7.339,0.001,0.003,1,0,Not in plan,mixed,1150.0,50.0,0.0,172.0,107.5,68.0,150.0,0.0,False,86.0,61.0,
146,154,corridor,gap,Seatoun Heights Road,"Seatoun, Miramar",Quiet street (30 km/h + filter),1520.012,0.0,0.152,0.304,0.456,2.193,3.24,0.369,0.344,1.88,0.004,7.215,0,7.215,0.0,0.004,0,0,Not in plan,mixed,960.0,50.0,0.0,156.0,135.5,117.0,150.0,0.0,False,259.0,258.0,
147,134,corridor,gap,Haumia Street,Johnsonville,Protected lane,670.68,0.0,0.503,1.073,2.28,4.86,6.691,0.662,0.185,5.403,0.008,4.529,2,6.793,0.001,0.013,1,1,Not in plan,mixed,3002.0,50.0,0.0,78.0,154.0,131.0,175.0,0.0,False,107.0,104.0,
148,140,corridor,gap,Ira Street,Miramar,Protected lane,350.03,224.589,0.263,0.56,1.19,3.704,4.009,0.284,0.277,3.221,0.006,6.613,0,6.613,0.0,0.007,3,1,Planned (WCC),mixed,5942.0,30.0,0.0,94.0,158.0,137.0,178.0,0.0,False,163.0,146.0,
149,125,corridor,council plan,Wallace Street,Mt Cook,Protected lane,628.144,0.0,0.471,1.005,2.136,6.286,10.622,2.225,1.287,10.946,0.011,6.254,0,6.254,0.004,0.019,3,0,Unfunded (ex-LGWM),mixed,21488.0,50.0,0.0,,133.0,94.0,159.0,0.0,False,135.0,156.0,
150,107,corridor,gap,Stewart Drive,"Newlands, Johnsonville",Protected lane,1159.52,0.0,0.87,1.855,3.942,11.162,23.071,3.498,0.62,11.005,0.019,6.016,0,6.016,0.008,0.025,0,0,Planned (WCC),mixed,7076.0,50.0,0.0,42.0,146.0,125.0,164.0,0.0,False,122.0,129.0,
151,135,crossing,crossing,Riddiford Street at Newtown Avenue,Newtown,Signalised crossing,0.0,,0.5,0.8,1.5,4.593,5.385,0.246,0.081,2.507,0.008,5.741,0,5.741,0.0,0.006,2,1,Planned (WCC),unsignalised,11547.0,40.0,0.0,65.0,173.0,146.0,206.0,0.0,False,133.0,135.0,
152,110,corridor,gap,Westchester Drive,Churton Park,Protected lane,1165.46,175.129,0.874,1.865,3.963,10.117,17.382,1.676,0.304,9.147,0.017,5.426,0,5.426,0.003,0.022,1,0,Not in plan,mixed,8283.0,50.0,0.0,148.0,155.0,136.0,180.0,0.0,False,109.0,105.0,
153,141,corridor,council plan,Ira Street,Miramar,Protected lane,412.548,0.0,0.309,0.66,1.403,3.545,3.532,0.075,0.062,2.77,0.006,5.37,0,5.37,0.0,0.007,1,0,Planned (WCC),mixed,4785.0,50.0,0.0,,176.0,149.0,201.0,0.0,False,161.0,166.0,
154,155,corridor,gap,Shelly Bay Road,"Maupuia, Miramar",Quiet street (30 km/h + filter),3027.014,0.0,0.303,0.605,0.908,2.193,3.194,0.865,0.352,10.995,0.004,3.623,1,4.529,0.007,0.021,1,1,Planned (WCC),mixed,1260.0,40.0,0.0,5.0,147.0,103.0,189.0,0.0,False,192.0,191.0,
155,165,corridor,gap,Karaka Bay Road,"Karaka Bays, Seatoun",Quiet street (30 km/h + filter),1899.393,0.0,0.19,0.38,0.57,1.718,1.701,0.132,0.088,2.166,0.003,4.522,0,4.522,0.0,0.005,2,1,Planned (WCC),mixed,1782.0,40.0,0.0,58.0,161.0,145.0,176.0,0.0,False,96.0,94.0,
156,118,corridor,gap,Ohiro Road,Brooklyn,Protected lane,1639.729,187.124,1.212,2.585,5.494,7.635,14.975,4.19,1.5,15.259,0.013,2.953,2,4.429,0.02,0.026,11,2,Planned (WCC),mixed,12695.0,50.0,0.036,113.0,145.0,120.0,164.0,0.0,False,126.0,125.0,
157,120,corridor,gap,Northland Road,Northland,Protected lane,1250.916,0.0,0.938,2.001,4.253,6.85,12.809,3.21,1.662,11.164,0.012,3.423,1,4.278,0.01,0.021,4,2,Planned (WCC),mixed,4600.0,50.0,0.0,98.0,144.0,113.0,164.0,0.0,False,91.0,114.0,
158,117,corridor,gap,Cashmere Avenue,Khandallah,Protected lane,1191.206,94.427,0.893,1.906,4.05,7.641,9.822,0.924,0.795,8.343,0.013,4.009,0,4.009,0.0,0.018,0,0,Planned (WCC),mixed,6210.0,50.0,0.0,96.0,162.0,144.0,175.0,0.0,False,78.0,81.0,
159,130,corridor,gap,Ironside Road,Johnsonville,Protected lane,1240.82,0.0,0.931,1.985,4.219,5.681,13.295,2.247,0.368,7.658,0.01,2.862,1,3.577,0.006,0.018,0,0,Not in plan,mixed,3850.0,50.0,0.0,115.0,157.0,135.0,176.0,0.0,False,170.0,160.0,
160,151,corridor,gap,Clifton Terrace,Kelburn,Protected lane,478.024,0.0,0.359,0.765,1.625,2.572,5.091,0.961,0.112,6.503,0.004,3.362,0,3.362,0.006,0.015,0,0,Not in plan,mixed,7890.0,50.0,0.0,127.0,160.0,97.0,182.0,0.0,False,119.0,162.0,
161,195,corridor,gap,Findlay Street,Tawa,Quiet street (30 km/h + filter),423.702,0.0,0.042,0.085,0.127,0.181,0.22,0.019,0.0,0.262,0.0,2.138,2,3.206,0.0,0.001,0,0,Built or underway,mixed,360.0,50.0,1.0,93.0,168.0,151.0,220.0,0.0,False,225.0,224.0,
162,132,corridor,gap,Awa Road,"Miramar, Seatoun",Protected lane,1019.827,0.0,0.765,1.632,3.467,5.178,6.797,1.062,0.716,6.345,0.009,3.173,0,3.173,0.001,0.013,1,0,Not in plan,mixed,3400.0,50.0,0.0,81.0,163.0,145.0,174.0,0.0,False,118.0,109.0,
163,158,corridor,council plan,Salamanca Road,"Wellington Central, Kelburn",Protected lane,389.92,0.0,0.292,0.624,1.326,1.944,3.902,0.999,0.243,5.606,0.003,3.116,0,3.116,0.006,0.012,3,1,Planned (WCC),mixed,12111.0,50.0,0.0,,152.0,121.0,174.0,0.0,False,128.0,128.0,
164,188,corridor,council plan,Rosehaugh Avenue,Karori,Quiet street (30 km/h + filter),483.402,0.0,0.048,0.097,0.145,0.3,0.428,0.082,0.073,0.527,0.001,3.098,0,3.098,0.0,0.001,0,0,Planned (WCC),mixed,330.0,50.0,0.0,,157.5,133.0,171.0,0.0,False,335.0,334.0,
165,189,corridor,gap,Lucknow Terrace,Khandallah,Quiet street (30 km/h + filter),452.177,0.0,0.045,0.09,0.136,0.279,0.477,0.063,0.063,0.249,0.0,3.082,0,3.082,0.0,0.0,1,1,Not in plan,mixed,1400.0,50.0,0.0,140.0,153.0,131.0,165.0,0.0,False,248.0,247.0,
166,169,corridor,council plan,Waterloo Quay,Pipitea,Protected lane,400.425,0.0,0.3,0.641,1.361,1.209,1.478,0.293,0.139,3.809,0.002,1.887,2,2.831,0.001,0.008,5,2,Desired only,mixed,15182.0,50.0,0.0,,162.0,137.0,176.0,0.0,False,176.0,178.0,
167,182,corridor,gap,Kinghorne Street,Strathmore Park,Quiet street (30 km/h + filter),888.496,101.702,0.089,0.178,0.267,0.468,0.65,0.459,0.457,0.516,0.001,2.633,0,2.633,0.0,0.0,0,0,Not in plan,mixed,870.0,50.0,0.0,175.0,149.0,94.0,169.1,0.0,False,273.0,272.0,
168,181,corridor,council plan,Mornington Road,Brooklyn,Quiet street (30 km/h + filter),918.424,0.0,0.092,0.184,0.276,0.481,0.746,0.152,0.149,0.42,0.001,2.619,0,2.619,0.0,0.001,0,0,Planned (WCC),mixed,1352.0,50.0,0.0,,156.0,126.0,169.0,0.0,False,286.0,285.0,
169,124,corridor,gap,Amesbury Drive,Churton Park,Protected lane,1743.703,173.742,1.308,2.79,5.929,6.338,8.917,4.085,3.472,5.204,0.011,2.272,0,2.272,0.002,0.006,0,0,Not in plan,mixed,3130.0,50.0,0.0,122.0,156.0,120.0,179.0,0.0,False,239.0,238.0,
170,206,corridor,council plan,Fernlea Avenue,Karori,Quiet street (30 km/h + filter),172.194,0.0,0.03,0.05,0.1,0.085,0.106,0.017,0.017,0.123,0.0,1.704,1,2.13,0.0,0.0,0,0,Planned (WCC),sharrow,160.0,50.0,0.0,,172.0,153.0,184.0,0.0,False,344.0,343.0,
171,193,corridor,gap,Lincoln Avenue,Tawa,Quiet street (30 km/h + filter),525.952,0.0,0.053,0.105,0.158,0.199,0.29,0.02,0.0,0.154,0.0,1.887,0,1.887,0.0,0.0,1,1,Not in plan,mixed,1300.0,50.0,0.0,171.0,182.0,153.0,217.0,0.0,False,271.0,270.0,
172,180,corridor,gap,Mitchell Street,Brooklyn,Quiet street (30 km/h + filter),1465.829,201.936,0.147,0.293,0.44,0.54,0.939,0.112,0.108,0.537,0.001,1.841,0,1.841,0.0,0.001,1,0,Not in plan,mixed,2658.0,50.0,0.0,185.0,167.0,149.0,177.0,0.0,False,156.0,165.0,
173,200,corridor,gap,Clutha Avenue,Khandallah,Quiet street (30 km/h + filter),326.145,0.0,0.033,0.065,0.1,0.112,0.175,0.03,0.027,0.079,0.0,1.721,0,1.721,0.0,0.0,0,0,Not in plan,mixed,2306.0,50.0,0.0,161.0,168.0,143.0,181.0,0.0,False,70.0,87.0,
174,192,corridor,gap,Clifford Road,Johnsonville,Quiet street (30 km/h + filter),638.079,153.211,0.064,0.128,0.191,0.207,0.442,0.04,0.009,0.153,0.0,1.62,0,1.62,0.0,0.0,0,0,Not in plan,mixed,2570.0,50.0,0.0,177.0,175.0,161.0,189.0,0.0,False,274.0,273.0,
175,128,corridor,council plan,Wilton Road,"Wilton, Wadestown",Protected lane,2395.325,0.0,1.796,3.833,8.144,5.981,6.722,1.616,1.567,4.204,0.01,1.561,0,1.561,0.0,0.008,2,2,Planned (WCC),mixed,6831.0,50.0,0.0,,175.0,151.9,188.0,0.0,False,137.0,136.0,
176,167,corridor,gap,Collins Avenue,Tawa,Protected lane,777.444,0.0,0.583,1.244,2.643,1.536,2.531,0.275,0.0,1.197,0.003,1.235,1,1.544,0.001,0.003,0,0,Not in plan,mixed,8510.0,50.0,0.0,70.0,184.0,167.0,220.0,0.0,False,106.0,99.0,
177,170,crossing,crossing,"Brooklyn Road at Ohiro Road, Brooklyn Road",Brooklyn,Signalised crossing,0.0,,0.5,0.8,1.5,0.943,2.469,1.077,0.522,3.339,0.002,1.179,1,1.474,0.004,0.004,3,0,Planned (WCC),unsignalised,12265.0,50.0,0.0,77.0,168.5,135.0,200.0,0.0,False,158.0,164.0,
178,131,corridor,gap,Mark Avenue,"Grenada Village, Paparangi",Protected lane,2340.732,15.689,1.756,3.745,7.958,5.47,9.925,2.063,0.098,8.723,0.009,1.461,0,1.461,0.01,0.021,1,0,Planned (WCC),mixed,3309.0,50.0,0.0,53.0,180.0,163.0,202.0,0.0,False,115.0,116.0,
179,152,corridor,council plan,Khandallah Road,"Ngaio, Khandallah",Protected lane,1070.462,0.0,0.803,1.713,3.64,2.485,4.199,0.493,0.314,2.103,0.004,1.451,0,1.451,0.0,0.004,3,3,Planned (WCC),sharrow,10918.0,50.0,0.0,,180.0,165.0,189.0,0.0,False,64.0,50.0,
180,122,corridor,council plan,Moa Point Road,"Moa Point, Breaker Bay, Rongotai",Protected lane,2908.647,0.0,2.181,4.654,9.889,6.679,8.455,1.648,0.883,30.261,0.011,1.435,0,1.435,0.011,0.062,1,0,Planned (WCC),mixed,4061.0,50.0,0.0,,181.0,164.0,189.0,0.0,False,136.0,139.0,
181,148,corridor,gap,Helston Road,"Johnsonville, Paparangi",Protected lane,1958.753,201.272,1.469,3.134,6.66,2.972,5.56,0.72,0.097,3.066,0.005,0.948,2,1.422,0.002,0.007,1,0,Planned (WCC),mixed,14060.0,50.0,0.0,19.0,183.0,165.0,196.0,0.0,False,150.0,138.0,
182,133,corridor,council plan,Happy Valley Road,Owhiro Bay,Protected lane,2380.964,0.0,1.786,3.81,8.095,5.02,5.792,0.339,0.204,3.647,0.008,1.318,0,1.318,0.0,0.008,2,1,Planned (WCC),mixed,7300.0,50.0,0.0,,190.0,177.0,203.0,0.0,False,140.0,145.0,
183,199,corridor,gap,Kainui Road,Hataitai,Quiet street (30 km/h + filter),504.021,0.0,0.05,0.101,0.151,0.127,0.225,0.054,0.054,0.077,0.0,1.264,0,1.264,0.0,0.0,0,0,Not in plan,mixed,1410.0,50.0,0.0,199.0,169.0,135.0,182.0,0.0,False,283.0,282.0,
184,176,corridor,council plan,Owhiro Bay Parade,"Owhiro Bay, Island Bay",Protected lane,326.474,0.0,0.245,0.522,1.11,0.66,0.667,0.099,0.098,0.446,0.001,1.264,0,1.264,0.0,0.001,0,0,Planned (WCC),mixed,4225.0,50.0,0.0,,185.0,168.0,196.0,0.0,False,152.0,154.0,
185,186,corridor,gap,Buckley Road,Southgate,Quiet street (30 km/h + filter),1811.459,206.59,0.181,0.362,0.543,0.389,0.576,0.084,0.063,0.417,0.001,1.073,0,1.073,0.0,0.001,0,0,Not in plan,mixed,2232.0,50.0,0.0,149.0,180.0,169.0,188.0,0.0,False,254.0,253.0,
186,196,corridor,council plan,Molesworth Street,Thorndon,Protected lane,77.362,0.0,0.1,0.25,0.5,0.164,0.238,0.033,0.002,0.381,0.0,0.656,2,0.984,0.0,0.001,3,0,Planned (WCC),sharrow,5000.0,50.0,0.0,,187.0,132.9,208.0,0.0,False,7.0,14.0,
187,197,corridor,gap,Ludlam Street,Seatoun,Quiet street (30 km/h + filter),820.974,0.0,0.082,0.164,0.246,0.16,0.259,0.088,0.088,0.108,0.0,0.972,0,0.972,0.0,0.0,0,0,Not in plan,mixed,1929.0,50.0,0.0,117.0,162.0,111.0,195.0,0.0,False,165.0,121.0,
188,162,corridor,gap,Derwent Street,Island Bay,Protected lane,1285.429,520.14,0.964,2.057,4.37,1.835,2.072,0.448,0.442,1.306,0.003,0.892,0,0.892,0.0,0.002,0,0,Not in plan,mixed,4326.0,50.0,0.0,184.0,190.0,170.0,210.0,0.0,False,167.0,159.0,
189,160,corridor,gap,Cockayne Road,"Khandallah, Ngaio",Protected lane,1549.504,43.572,1.162,2.479,5.268,1.919,3.444,0.718,0.681,2.499,0.003,0.774,0,0.774,0.0,0.004,0,0,Not in plan,mixed,6296.0,50.0,0.0,152.0,180.0,153.0,194.0,0.0,False,141.0,144.0,
190,163,corridor,gap,Melksham Drive,Churton Park,Protected lane,1492.126,46.067,1.119,2.387,5.073,1.819,3.528,0.578,0.074,3.024,0.003,0.762,0,0.762,0.002,0.007,0,0,Not in plan,mixed,3412.0,50.0,0.0,77.0,192.0,178.0,201.0,0.0,False,151.0,140.0,
191,183,corridor,gap,Churchill Drive,Crofton Downs,Protected lane,616.861,0.0,0.463,0.987,2.097,0.445,1.014,0.172,0.055,0.254,0.001,0.45,2,0.676,0.0,0.001,1,0,Planned (WCC),mixed,10173.0,50.0,0.0,182.0,189.0,175.0,196.0,0.0,False,159.0,158.0,
192,185,corridor,council plan,Kenya Street,Ngaio,Protected lane,500.138,0.0,0.337,0.719,1.527,0.409,0.601,0.142,0.142,0.244,0.001,0.569,0,0.569,0.0,0.0,2,1,Planned (WCC),sharrow,7226.0,50.0,0.255,,191.0,172.0,199.0,0.0,False,139.0,142.0,
193,204,corridor,council plan,(unnamed link),Johnsonville,Protected lane,113.447,0.0,0.1,0.25,0.5,0.09,0.102,0.005,0.001,0.055,0.0,0.358,2,0.537,0.0,0.0,4,1,Planned (WCC),mixed,23500.0,50.0,0.0,,203.0,190.0,213.0,0.0,False,169.0,170.0,
194,173,corridor,gap,Kenmore Street,Newlands,Protected lane,927.988,0.0,0.696,1.485,3.155,0.762,1.487,0.165,0.033,0.653,0.001,0.513,0,0.513,0.0,0.002,1,0,Not in plan,mixed,3320.0,50.0,0.0,183.0,197.0,187.0,204.0,0.0,False,164.0,169.0,
195,184,corridor,gap,Crofton Road,Ngaio,Protected lane,610.2,0.0,0.423,0.902,1.916,0.419,0.958,0.419,0.419,0.351,0.001,0.465,0,0.465,0.0,0.0,4,0,Not in plan,mixed,8113.0,40.0,0.191,76.0,184.0,148.0,199.0,0.0,False,37.0,28.0,
196,214,corridor,gap,Omar Street,Khandallah,Quiet street (30 km/h + filter),225.21,0.0,0.03,0.05,0.1,0.02,0.063,0.02,0.02,0.012,0.0,0.397,0,0.397,0.0,0.0,0,0,Not in plan,mixed,920.0,50.0,0.0,144.0,186.0,155.0,199.0,0.0,False,251.0,250.0,
197,203,corridor,gap,Sidlaw Street,Strathmore Park,Quiet street (30 km/h + filter),1197.893,561.07,0.12,0.24,0.359,0.092,0.25,0.069,0.067,0.06,0.0,0.385,0,0.385,0.0,0.0,0,0,Not in plan,mixed,2690.0,50.0,0.0,198.0,186.0,158.0,196.1,0.0,False,282.0,281.0,
198,207,crossing,crossing,Manners Street at Opera House Lane,Te Aro,Raised zebra / refuge,0.0,,0.15,0.25,0.4,0.074,0.086,0.014,0.0,0.229,0.0,0.294,1,0.368,0.0,0.001,0,0,Not in plan,unsignalised,2300.0,30.0,0.0,3.0,209.0,185.0,220.0,0.0,False,173.0,173.0,
199,177,corridor,council plan,Farnham Street,Mornington,Protected lane,1122.752,0.0,0.842,1.796,3.817,0.601,0.821,0.59,0.576,0.742,0.001,0.335,0,0.335,0.0,0.0,1,0,Planned (WCC),mixed,4410.0,50.0,0.0,,192.0,159.9,204.0,0.0,False,171.0,167.0,
200,208,crossing,crossing,Coromandel Street at Wilson Street,Newtown,Raised zebra / refuge,0.0,,0.15,0.25,0.4,0.06,0.098,0.025,0.025,0.115,0.0,0.241,0,0.241,0.0,0.0,0,0,Planned (WCC),unsignalised,3880.0,40.0,0.0,7.0,197.0,166.0,211.0,0.0,False,177.0,176.0,
201,174,corridor,gap,Wadestown Road,"Wadestown, Thorndon",Protected lane,2059.9,32.929,1.544,3.293,6.997,0.718,1.606,0.3,0.18,0.566,0.001,0.218,0,0.218,0.0,0.001,3,1,Planned (WCC),sharrow,5485.0,50.0,0.002,6.0,200.0,191.0,206.0,0.0,False,143.0,150.0,
202,210,corridor,gap,Hornsey Road,Melrose,Quiet street (30 km/h + filter),1180.838,0.0,0.118,0.236,0.354,0.045,0.08,0.029,0.027,0.037,0.0,0.189,0,0.189,0.0,0.0,0,0,Not in plan,mixed,750.0,50.0,0.0,146.0,198.0,180.0,205.0,0.0,False,252.0,251.0,
203,190,corridor,council plan,Inglis Street,Seatoun,Protected lane,867.4,0.0,0.651,1.388,2.949,0.258,0.312,0.071,0.067,0.23,0.0,0.186,0,0.186,0.0,0.0,4,1,Planned (WCC),mixed,2590.0,50.0,0.0,,205.0,194.0,211.0,0.0,False,179.0,181.0,
204,191,corridor,council plan,Curtis Street,Northland,Protected lane,1029.745,0.0,0.772,1.648,3.501,0.243,0.454,0.073,0.038,0.165,0.0,0.148,1,0.185,0.0,0.0,3,1,Planned (WCC),mixed,7217.0,50.0,0.0,,203.0,196.0,209.0,0.0,False,147.0,157.0,
205,194,corridor,gap,Waikowhai Street,Ngaio,Protected lane,667.439,0.0,0.501,1.068,2.269,0.19,0.29,0.056,0.056,0.13,0.0,0.178,0,0.178,0.0,0.0,3,0,Planned (WCC),sharrow,10489.0,50.0,0.0,106.0,204.0,193.0,210.0,0.0,False,175.0,175.0,
206,216,corridor,gap,Delhi Crescent,Khandallah,Quiet street (30 km/h + filter),594.924,0.0,0.059,0.119,0.178,0.017,0.034,0.007,0.007,0.01,0.0,0.139,0,0.139,0.0,0.0,0,0,Not in plan,mixed,1240.0,50.0,0.0,39.0,202.0,189.0,208.0,0.0,False,205.0,204.0,
207,187,corridor,gap,Grenada Drive,Grenada Village,Protected lane,1554.671,131.242,1.166,2.487,5.286,0.343,0.594,0.071,0.0,0.362,0.001,0.138,0,0.138,0.0,0.001,1,0,Planned (WCC),mixed,5000.0,50.0,0.0,188.0,210.0,203.0,220.0,0.0,False,187.0,186.0,
208,202,corridor,gap,Birdwood Street,Karori,Protected lane,531.176,0.0,0.398,0.85,1.806,0.093,0.218,0.074,0.068,0.143,0.0,0.11,1,0.137,0.0,0.0,1,0,Planned (WCC),painted_lane,4390.0,50.0,0.0,32.0,203.0,179.0,219.0,0.0,False,148.0,130.0,
209,205,crossing,crossing,Johnsonville Road at Burgess Road,Johnsonville,Signalised crossing,0.0,,0.5,0.8,1.5,0.087,0.108,0.006,0.0,0.065,0.0,0.109,1,0.136,0.0,0.0,1,0,Planned (WCC),unsignalised,15484.0,50.0,0.0,41.0,215.0,204.0,220.0,0.0,False,18.0,19.0,
210,220,corridor,council plan,Roy Street,Newtown,Quiet street (30 km/h + filter),206.444,0.0,0.03,0.05,0.1,0.007,0.014,0.004,0.004,0.005,0.0,0.134,0,0.134,0.0,0.0,1,0,Planned (WCC),mixed,2570.0,50.0,0.0,,215.0,200.0,225.0,0.0,False,153.0,161.0,
211,211,corridor,council plan,Churchill Drive,"Wadestown, Wilton",Protected lane,330.371,0.0,0.248,0.529,1.123,0.041,0.12,0.041,0.016,0.053,0.0,0.078,2,0.117,0.0,0.0,1,1,Planned (WCC),sharrow,8390.0,50.0,0.0,,202.0,192.0,211.0,0.0,False,142.0,111.0,
212,201,corridor,gap,Horokiwi Road West,Newlands,Protected lane,766.94,0.0,0.575,1.227,2.608,0.095,0.179,0.022,0.007,0.065,0.0,0.078,0,0.078,0.0,0.0,2,0,Not in plan,mixed,9890.0,50.0,0.0,95.0,212.0,208.0,215.0,0.0,False,145.0,172.0,
213,209,corridor,council plan,Centennial Highway,"Newlands, Ngauranga","Protected lane (state highway, NZTA)",621.707,0.0,0.622,1.243,2.114,0.06,0.11,0.042,0.017,0.563,0.0,0.048,2,0.072,0.001,0.001,1,0,Unfunded (ex-LGWM),mixed,29391.0,80.0,0.0,,208.0,200.0,214.0,0.0,False,181.0,177.0,
214,198,corridor,gap,Raroa Road,"Kelburn, Aro Valley",Protected lane,1602.432,450.474,1.202,2.564,5.448,0.146,0.404,0.14,0.08,0.176,0.0,0.057,1,0.071,0.0,0.0,2,1,Planned (WCC),sharrow,7670.0,50.0,0.0,133.0,207.0,196.0,214.0,0.0,False,130.0,133.0,
215,213,corridor,council plan,Ottawa Road,Ngaio,Protected lane,373.299,0.0,0.28,0.597,1.269,0.039,0.057,0.011,0.011,0.025,0.0,0.065,0,0.065,0.0,0.0,5,0,Planned (WCC),sharrow,14000.0,40.0,0.0,,212.0,204.0,215.0,0.0,False,160.0,151.0,
216,219,corridor,council plan,Raroa Crescent,Northland,Protected lane,246.623,0.0,0.185,0.395,0.839,0.008,0.017,0.004,0.004,0.009,0.0,0.021,2,0.032,0.0,0.0,7,2,Planned (WCC),mixed,7508.0,50.0,0.0,,216.0,206.0,218.0,0.0,False,144.0,143.0,
217,212,corridor,council plan,Breaker Bay Road,Breaker Bay,Protected lane,2121.72,0.0,1.591,3.395,7.214,0.039,0.044,0.006,0.005,0.078,0.0,0.012,0,0.012,0.0,0.0,3,0,Planned (WCC),mixed,1535.0,50.0,0.0,,220.0,214.0,223.0,0.0,False,162.0,168.0,
218,215,corridor,gap,Mount Albert Road,"Berhampore, Southgate",Protected lane,988.162,342.692,0.741,1.581,3.36,0.017,0.041,0.018,0.017,0.016,0.0,0.011,0,0.011,0.0,0.0,1,1,Not in plan,mixed,3111.0,50.0,0.0,186.0,218.0,208.0,222.0,0.0,False,75.0,74.0,
219,221,corridor,council plan,Cockayne Road,Khandallah,Protected lane,332.764,0.0,0.25,0.532,1.131,0.005,0.008,0.001,0.001,0.003,0.0,0.01,0,0.01,0.0,0.0,0,0,Planned (WCC),sharrow,10330.0,50.0,0.0,,220.0,214.0,222.0,0.0,False,168.0,171.0,
220,223,corridor,council plan,(unnamed link),Newlands,Quiet street (30 km/h + filter),153.287,0.0,0.03,0.05,0.1,0.0,0.001,0.0,0.0,0.0,0.0,0.008,0,0.008,0.0,0.0,1,1,Planned (WCC),mixed,500.0,50.0,0.0,,217.0,178.0,221.0,0.0,False,345.0,344.0,
221,218,corridor,council plan,Ngaio Gorge Road,Ngaio,Protected lane,840.23,0.0,0.63,1.344,2.857,0.009,0.023,0.008,0.008,0.009,0.0,0.006,1,0.008,0.0,0.0,2,2,Planned (WCC),painted_lane,8929.0,50.0,0.0,,218.0,209.0,222.0,0.0,False,186.0,185.0,
222,222,corridor,council plan,(unnamed link),Grenada Village,Protected lane,63.979,0.0,0.1,0.25,0.5,0.001,0.001,0.0,0.0,0.0,0.0,0.003,0,0.003,0.0,0.0,0,0,Planned (WCC),mixed,3530.0,50.0,0.0,,223.0,220.0,225.0,0.0,False,185.0,184.0,
223,217,corridor,gap,Takapu Road,"Tawa, Takapu Valley, Grenada North",Protected lane,6271.874,401.53,4.704,10.035,21.324,0.011,0.015,0.002,0.0,0.02,0.0,0.001,1,0.001,0.0,0.0,3,0,Not in plan,mixed,17549.0,70.0,0.0,2.0,224.0,220.0,225.0,0.0,False,172.0,174.0,
224,226,crossing,crossing,Garden Road at Glenmore Street,Northland,Raised zebra / refuge,0.0,,0.15,0.25,0.4,0.0,0.0,0.0,0.0,0.0,0.0,0.0,1,0.0,0.0,0.0,0,0,Unfunded (ex-LGWM),unsignalised,2960.0,50.0,0.0,10.0,217.0,212.9,224.0,0.0,False,184.0,182.0,
225,224,corridor,council plan,Westchester Drive,"Glenside, Churton Park, Grenada Village",Protected lane,1039.704,0.0,0.78,1.664,3.535,0.0,0.0,0.0,0.0,0.0,0.0,0.0,0,0.0,0.0,0.0,1,0,Planned (WCC),mixed,9918.0,50.0,0.0,,226.0,220.0,228.0,0.0,False,190.0,189.0,
226,225,corridor,gap,Halswater Drive,Churton Park,Protected lane,1032.289,108.295,0.774,1.652,3.51,0.0,0.0,0.0,0.0,0.0,0.0,0.0,0,0.0,0.0,0.0,0,0,Not in plan,mixed,4800.0,50.0,0.0,111.0,226.0,218.0,228.0,0.0,False,188.0,188.0,
227,227,corridor,gap,Willowbank Road,Tawa,Protected lane,463.076,0.0,0.347,0.741,1.574,0.0,0.0,0.0,0.0,0.0,0.0,0.0,2,0.0,0.0,0.0,1,0,Planned (WCC),mixed,4184.0,50.0,0.0,89.0,228.0,219.0,229.0,0.0,False,189.0,187.0,
228,228,crossing,crossing,Vivian Street at ,Te Aro,Signalised crossing,0.0,,0.5,0.8,1.5,0.0,0.0,0.0,0.0,0.0,0.0,0.0,1,0.0,0.0,0.0,0,0,Not in plan,unsignalised,21250.0,50.0,0.0,43.0,229.0,220.0,230.0,0.0,False,378.0,378.0,
229,228,crossing,crossing,Hamilton Road at Hamilton Road,Hataitai,Raised zebra / refuge,0.0,,0.15,0.25,0.4,0.0,0.0,0.0,0.0,0.0,0.0,0.0,0,0.0,0.0,0.0,0,0,Unfunded (ex-LGWM),unsignalised,6708.0,50.0,0.0,40.0,229.0,220.0,230.0,0.0,False,377.0,377.0,
230,228,crossing,crossing,Bassett Road at Bassett Road,Johnsonville,Raised zebra / refuge,0.0,,0.15,0.25,0.4,0.0,0.0,0.0,0.0,0.0,0.0,0.0,0,0.0,0.0,0.0,0,0,Not in plan,unsignalised,5100.0,50.0,0.0,37.0,229.0,220.0,230.0,0.0,False,374.0,374.0,
231,228,crossing,crossing,Kemp Street at Kemp Street,Kilbirnie,Signalised crossing,0.0,,0.5,0.8,1.5,0.0,0.0,0.0,0.0,0.0,0.0,0.0,0,0.0,0.0,0.0,0,0,Not in plan,unsignalised,10145.0,50.0,0.0,38.0,229.0,220.0,230.0,0.0,False,375.0,375.0,
232,228,crossing,crossing,Queens Drive at Rua Street,Lyall Bay,Raised zebra / refuge,0.0,,0.15,0.25,0.4,0.0,0.0,0.0,0.0,0.0,0.0,0.0,0,0.0,0.0,0.0,0,0,Not in plan,unsignalised,3160.0,50.0,0.0,39.0,229.0,220.0,230.0,0.0,False,376.0,376.0,
233,228,corridor,gap,Rintoul Street,Newtown,Protected lane,208.664,0.0,0.156,0.334,0.709,0.0,0.0,0.0,0.0,0.0,0.0,0.0,2,0.0,0.0,0.0,6,0,Unfunded (ex-LGWM),painted_lane,3892.0,50.0,0.0,8.0,229.0,220.0,230.0,0.0,False,194.0,193.0,
234,228,corridor,gap,Kedah Street,Miramar,Quiet street (30 km/h + filter),291.283,84.882,0.03,0.058,0.1,0.0,0.0,0.0,0.0,0.0,0.0,0.0,0,0.0,0.0,0.0,0,0,Planned (WCC),mixed,460.0,50.0,0.0,22.0,229.0,220.0,230.0,0.0,False,199.0,198.0,
235,228,corridor,gap,Coutts Street,Rongotai,Quiet street (30 km/h + filter),156.079,0.0,0.03,0.05,0.1,0.0,0.0,0.0,0.0,0.0,0.0,0.0,2,0.0,0.0,0.0,0,0,Planned (WCC),painted_lane,970.0,50.0,0.0,25.0,229.0,220.0,230.0,0.0,False,200.0,199.0,
236,228,corridor,gap,Rongotai Road,Kilbirnie,Protected lane,267.664,0.0,0.201,0.428,0.91,0.0,0.0,0.0,0.0,0.0,0.0,0.0,2,0.0,0.0,0.0,0,0,Planned (WCC),sharrow,8079.0,30.0,0.0,27.0,229.0,220.0,230.0,0.0,False,201.0,200.0,
237,228,corridor,gap,Fraser Avenue,Johnsonville,Protected lane,1056.155,122.731,0.792,1.69,3.591,0.0,0.0,0.0,0.0,0.0,0.0,0.0,0,0.0,0.0,0.0,0,0,Not in plan,mixed,3940.0,50.0,0.0,21.0,229.0,220.0,230.0,0.0,False,198.0,197.0,
238,228,crossing,crossing,Wha Street at Palm Avenue,Lyall Bay,Raised zebra / refuge,0.0,,0.15,0.25,0.4,0.0,0.0,0.0,0.0,0.0,0.0,0.0,0,0.0,0.0,0.0,0,0,Not in plan,unsignalised,1630.0,50.0,0.0,55.0,229.0,220.0,230.0,0.0,False,146.0,131.0,
239,228,crossing,crossing,Burma Road at Rangoon Street,Broadmeadows,Signalised crossing,0.0,,0.5,0.8,1.5,0.0,0.0,0.0,0.0,0.0,0.0,0.0,0,0.0,0.0,0.0,0,0,Planned (WCC),unsignalised,13676.0,50.0,0.0,56.0,229.0,220.0,230.0,0.0,False,157.0,147.0,
240,228,crossing,crossing,Moxham Avenue at Goa Street,Hataitai,Raised zebra / refuge,0.0,,0.15,0.25,0.4,0.0,0.0,0.0,0.0,0.0,0.0,0.0,0,0.0,0.0,0.0,1,0,Not in plan,unsignalised,5986.0,50.0,0.0,58.0,229.0,220.0,230.0,0.0,False,386.0,386.0,
241,228,crossing,crossing,Tory Street at College Street,Te Aro,Raised zebra / refuge,0.0,,0.15,0.25,0.4,0.0,0.0,0.0,0.0,0.0,0.0,0.0,0,0.0,0.0,0.0,1,0,Unfunded (ex-LGWM),unsignalised,7532.0,30.0,0.0,57.0,229.0,220.0,230.0,0.0,False,53.0,53.0,
242,228,crossing,crossing,Wakefield Street at ,Te Aro,Raised zebra / refuge,0.0,,0.15,0.25,0.4,0.0,0.0,0.0,0.0,0.0,0.0,0.0,1,0.0,0.0,0.0,0,0,Not in plan,unsignalised,4711.0,30.0,0.0,4.0,229.0,220.0,230.0,0.0,False,354.0,353.0,
243,228,crossing,crossing,Manners Street at ,Te Aro,Raised zebra / refuge,0.0,,0.15,0.25,0.4,0.0,0.0,0.0,0.0,0.0,0.0,0.0,1,0.0,0.0,0.0,0,0,Not in plan,unsignalised,2300.0,30.0,0.0,5.0,229.0,220.0,230.0,0.0,False,54.0,52.0,
244,228,crossing,crossing,Daniell Street at Wilson Street,Newtown,Raised zebra / refuge,0.0,,0.15,0.25,0.4,0.0,0.0,0.0,0.0,0.0,0.0,0.0,0,0.0,0.0,0.0,1,0,Planned (WCC),unsignalised,1830.0,40.0,0.0,6.0,229.0,220.0,230.0,0.0,False,355.0,354.0,
245,228,crossing,crossing,Tory Street at Holland Street,Te Aro,Signalised crossing,0.0,,0.5,0.8,1.5,0.0,0.0,0.0,0.0,0.0,0.0,0.0,0,0.0,0.0,0.0,0,0,Unfunded (ex-LGWM),unsignalised,8070.0,30.0,0.0,59.0,229.0,220.0,230.0,0.0,False,387.0,387.0,
246,228,crossing,crossing,Ghuznee Street at Leeds Street,Te Aro,Signalised crossing,0.0,,0.5,0.8,1.5,0.0,0.0,0.0,0.0,0.0,0.0,0.0,0,0.0,0.0,0.0,0,0,Not in plan,unsignalised,10488.0,30.0,0.0,8.0,229.0,220.0,230.0,0.0,False,356.0,355.0,
247,228,crossing,crossing,Hobart Street at Kedah Street,Miramar,Raised zebra / refuge,0.0,,0.15,0.25,0.4,0.0,0.0,0.0,0.0,0.0,0.0,0.0,0,0.0,0.0,0.0,0,0,Planned (WCC),unsignalised,1961.0,50.0,0.0,9.0,229.0,220.0,230.0,0.0,False,357.0,356.0,
248,228,crossing,crossing,Ellice Street at Brougham Street,Mt Victoria,Raised zebra / refuge,0.0,,0.15,0.25,0.4,0.0,0.0,0.0,0.0,0.0,0.0,0.0,0,0.0,0.0,0.0,1,1,Not in plan,unsignalised,2670.0,50.0,0.0,11.0,229.0,220.0,230.0,0.0,False,358.0,357.0,
249,228,crossing,crossing,Caledonia Street at Kauri Street,Miramar,Raised zebra / refuge,0.0,,0.15,0.25,0.4,0.0,0.0,0.0,0.0,0.0,0.0,0.0,0,0.0,0.0,0.0,0,0,Not in plan,unsignalised,4550.0,50.0,0.0,12.0,229.0,220.0,230.0,0.0,False,28.0,26.0,
250,228,crossing,crossing,Abel Smith Street at Cuba Street,Te Aro,Raised zebra / refuge,0.0,,0.15,0.25,0.4,0.0,0.0,0.0,0.0,0.0,0.0,0.0,0,0.0,0.0,0.0,0,0,Not in plan,unsignalised,4040.0,30.0,0.0,13.0,229.0,220.0,230.0,0.0,False,155.0,148.0,
251,228,crossing,crossing,Ghuznee Street at Marion Street,Te Aro,Signalised crossing,0.0,,0.5,0.8,1.5,0.0,0.0,0.0,0.0,0.0,0.0,0.0,0,0.0,0.0,0.0,0,0,Not in plan,unsignalised,10488.0,30.0,0.0,14.0,229.0,220.0,230.0,0.0,False,359.0,358.0,
252,228,crossing,crossing,Ira Street at The Quadrant,Miramar,Raised zebra / refuge,0.0,,0.15,0.25,0.4,0.0,0.0,0.0,0.0,0.0,0.0,0.0,0,0.0,0.0,0.0,0,0,Planned (WCC),unsignalised,5942.0,50.0,0.0,15.0,229.0,220.0,230.0,0.0,False,360.0,359.0,
253,228,crossing,crossing,Customhouse Quay at Grey Street,Wellington Central,Raised zebra / refuge,0.0,,0.15,0.25,0.4,0.0,0.0,0.0,0.0,0.0,0.0,0.0,1,0.0,0.0,0.0,2,0,Desired only,unsignalised,4870.0,30.0,0.0,16.0,229.0,220.0,230.0,0.0,False,35.0,34.0,
254,228,crossing,crossing,"Hania Street at Ellice Street, Hania Street",Mt Victoria,Raised zebra / refuge,0.0,,0.15,0.25,0.4,0.0,0.0,0.0,0.0,0.0,0.0,0.0,1,0.0,0.0,0.0,1,1,Unfunded (ex-LGWM),unsignalised,2900.0,50.0,0.0,17.0,229.0,220.0,230.0,0.0,False,361.0,360.0,
255,228,crossing,crossing,Vivian Street at Marion Street,Te Aro,Signalised crossing,0.0,,0.5,0.8,1.5,0.0,0.0,0.0,0.0,0.0,0.0,0.0,1,0.0,0.0,0.0,0,0,Not in plan,unsignalised,21250.0,50.0,0.0,18.0,229.0,220.0,230.0,0.0,False,362.0,361.0,
256,228,crossing,crossing,McLellan Street at Luckie Street,Tawa,Raised zebra / refuge,0.0,,0.15,0.25,0.4,0.0,0.0,0.0,0.0,0.0,0.0,0.0,1,0.0,0.0,0.0,0,0,Built or underway,unsignalised,2710.0,50.0,0.0,20.0,229.0,220.0,230.0,0.0,False,363.0,362.0,
257,228,crossing,crossing,"Grant Road at Park Street, Grant Road",Thorndon,Raised zebra / refuge,0.0,,0.15,0.25,0.4,0.0,0.0,0.0,0.0,0.0,0.0,0.0,0,0.0,0.0,0.0,0,0,Planned (WCC),unsignalised,5912.0,50.0,0.0,21.0,229.0,220.0,230.0,0.0,False,364.0,363.0,
258,228,crossing,crossing,Aro Street at Devon Street,Aro Valley,Signalised crossing,0.0,,0.5,0.8,1.5,0.0,0.0,0.0,0.0,0.0,0.0,0.0,0,0.0,0.0,0.0,1,0,Planned (WCC),unsignalised,10155.0,30.0,0.0,22.0,229.0,220.0,230.0,0.0,False,365.0,364.0,
259,228,crossing,crossing,Boulcott Street at ,Wellington Central,Raised zebra / refuge,0.0,,0.15,0.25,0.4,0.0,0.0,0.0,0.0,0.0,0.0,0.0,0,0.0,0.0,0.0,0,0,Not in plan,unsignalised,7268.0,30.0,0.0,44.0,229.0,220.0,230.0,0.0,False,379.0,379.0,
260,228,crossing,crossing,Devonshire Road at Ellesmere Avenue,Miramar,Raised zebra / refuge,0.0,,0.15,0.25,0.4,0.0,0.0,0.0,0.0,0.0,0.0,0.0,0,0.0,0.0,0.0,0,0,Not in plan,unsignalised,2380.0,50.0,0.0,45.0,229.0,220.0,230.0,0.0,False,380.0,380.0,
261,228,crossing,crossing,Taranaki Street at Martin Square,Te Aro,Signalised crossing,0.0,,0.5,0.8,1.5,0.0,0.0,0.0,0.0,0.0,0.0,0.0,0,0.0,0.0,0.0,2,0,Unfunded (ex-LGWM),unsignalised,14420.0,50.0,0.0,46.0,229.0,220.0,230.0,0.0,False,381.0,381.0,
262,228,crossing,crossing,Johnsonville Road at ,Johnsonville,Signalised crossing,0.0,,0.5,0.8,1.5,0.0,0.0,0.0,0.0,0.0,0.0,0.0,1,0.0,0.0,0.0,1,0,Planned (WCC),unsignalised,15484.0,50.0,0.0,47.0,229.0,220.0,230.0,0.0,False,382.0,382.0,
263,228,crossing,crossing,Hobart Street at Chelsea Street,Miramar,Raised zebra / refuge,0.0,,0.15,0.25,0.4,0.0,0.0,0.0,0.0,0.0,0.0,0.0,0,0.0,0.0,0.0,0,0,Planned (WCC),unsignalised,2240.0,50.0,0.0,48.0,229.0,220.0,230.0,0.0,False,383.0,383.0,
264,228,crossing,crossing,"Ranui Crescent at Izard Road, Everest Street",Khandallah,Raised zebra / refuge,0.0,,0.15,0.25,0.4,0.0,0.0,0.0,0.0,0.0,0.0,0.0,0,0.0,0.0,0.0,0,0,Not in plan,unsignalised,2870.0,50.0,0.0,50.0,229.0,220.0,230.0,0.0,False,124.0,137.0,
265,228,crossing,crossing,Cashmere Avenue at Delhi Crescent,Khandallah,Raised zebra / refuge,0.0,,0.15,0.25,0.4,0.0,0.0,0.0,0.0,0.0,0.0,0.0,0,0.0,0.0,0.0,0,0,Planned (WCC),unsignalised,3860.0,50.0,0.0,51.0,229.0,220.0,230.0,0.0,False,178.0,163.0,
266,228,crossing,crossing,Miramar Avenue at Chelsea Street,Miramar,Signalised crossing,0.0,,0.5,0.8,1.5,0.0,0.0,0.0,0.0,0.0,0.0,0.0,0,0.0,0.0,0.0,1,0,Planned (WCC),unsignalised,12593.0,50.0,0.0,52.0,229.0,220.0,230.0,0.0,False,384.0,384.0,
267,228,crossing,crossing,Stewart Duff Drive at ,Miramar,Raised zebra / refuge,0.0,,0.15,0.25,0.4,0.0,0.0,0.0,0.0,0.0,0.0,0.0,0,0.0,0.0,0.0,1,1,Not in plan,unsignalised,500.0,50.0,0.0,53.0,229.0,220.0,230.0,0.0,False,385.0,385.0,
268,228,crossing,crossing,"Devonshire Road at Argentine Avenue, Torridon Road",Miramar,Raised zebra / refuge,0.0,,0.15,0.25,0.4,0.0,0.0,0.0,0.0,0.0,0.0,0.0,0,0.0,0.0,0.0,0,0,Not in plan,unsignalised,2200.0,50.0,0.0,54.0,229.0,220.0,230.0,0.0,False,123.0,119.0,
269,228,crossing,crossing,Campbell Street at Karori Road,Karori,Raised zebra / refuge,0.0,,0.15,0.25,0.4,0.0,0.0,0.0,0.0,0.0,0.0,0.0,1,0.0,0.0,0.0,0,0,Unfunded (ex-LGWM),unsignalised,1691.0,50.0,0.0,36.0,229.0,220.0,230.0,0.0,False,373.0,373.0,
270,228,crossing,crossing,Taranaki Street at Wigan Street,Te Aro,Signalised crossing,0.0,,0.5,0.8,1.5,0.0,0.0,0.0,0.0,0.0,0.0,0.0,0,0.0,0.0,0.0,0,0,Unfunded (ex-LGWM),unsignalised,14420.0,50.0,0.0,68.0,229.0,220.0,230.0,0.0,False,392.0,392.0,
271,228,crossing,crossing,Southampton Road at Wexford Road,Miramar,Raised zebra / refuge,0.0,,0.15,0.25,0.4,0.0,0.0,0.0,0.0,0.0,0.0,0.0,0,0.0,0.0,0.0,0,0,Not in plan,unsignalised,2110.0,50.0,0.0,35.0,229.0,220.0,230.0,0.0,False,372.0,372.0,
272,228,crossing,crossing,Queens Drive at Rua Street,Lyall Bay,Raised zebra / refuge,0.0,,0.15,0.25,0.4,0.0,0.0,0.0,0.0,0.0,0.0,0.0,0,0.0,0.0,0.0,0,0,Not in plan,unsignalised,3163.0,50.0,0.0,34.0,229.0,220.0,230.0,0.0,False,371.0,371.0,
273,228,crossing,crossing,Abel Smith Street at Little Palmer Street,Aro Valley,Raised zebra / refuge,0.0,,0.15,0.25,0.4,0.0,0.0,0.0,0.0,0.0,0.0,0.0,1,0.0,0.0,0.0,0,0,Not in plan,unsignalised,2780.0,50.0,0.0,32.0,229.0,220.0,230.0,0.0,False,370.0,370.0,
274,228,crossing,crossing,Linden Avenue at Findlay Street,Tawa,Signalised crossing,0.0,,0.5,0.8,1.5,0.0,0.0,0.0,0.0,0.0,0.0,0.0,1,0.0,0.0,0.0,0,0,Not in plan,unsignalised,8510.0,50.0,0.0,31.0,229.0,220.0,230.0,0.0,False,166.0,152.0,
275,228,crossing,crossing,Willis Street at Palmer Street,Te Aro,Signalised crossing,0.0,,0.5,0.8,1.5,0.0,0.0,0.0,0.0,0.0,0.0,0.0,1,0.0,0.0,0.0,0,0,Unfunded (ex-LGWM),unsignalised,10570.0,50.0,0.0,29.0,229.0,220.0,230.0,0.0,False,369.0,369.0,
276,228,crossing,crossing,"Braithwaite Street at Birdwood Street, Braithwaite Street",Karori,Raised zebra / refuge,0.0,,0.15,0.25,0.4,0.0,0.0,0.0,0.0,0.0,0.0,0.0,0,0.0,0.0,0.0,1,0,Planned (WCC),unsignalised,4698.0,50.0,0.0,28.0,229.0,220.0,230.0,0.0,False,127.0,112.0,
277,228,crossing,crossing,McLellan Street at Beauchamp Street,Tawa,Raised zebra / refuge,0.0,,0.15,0.25,0.4,0.0,0.0,0.0,0.0,0.0,0.0,0.0,1,0.0,0.0,0.0,0,0,Planned (WCC),unsignalised,2710.0,50.0,0.0,27.0,229.0,220.0,230.0,0.0,False,71.0,76.0,
278,228,crossing,crossing,Tory Street at Jessie Street,Te Aro,Signalised crossing,0.0,,0.5,0.8,1.5,0.0,0.0,0.0,0.0,0.0,0.0,0.0,0,0.0,0.0,0.0,1,0,Unfunded (ex-LGWM),unsignalised,8060.0,30.0,0.0,25.0,229.0,220.0,230.0,0.0,False,368.0,367.0,
279,228,crossing,crossing,Linden Avenue at Beauchamp Street,Tawa,Signalised crossing,0.0,,0.5,0.8,1.5,0.0,0.0,0.0,0.0,0.0,0.0,0.0,1,0.0,0.0,0.0,0,0,Not in plan,unsignalised,8510.0,50.0,0.0,24.0,229.0,220.0,230.0,0.0,False,367.0,366.0,
280,228,crossing,crossing,Abel Smith Street at Wigan Street,Te Aro,Raised zebra / refuge,0.0,,0.15,0.25,0.4,0.0,0.0,0.0,0.0,0.0,0.0,0.0,0,0.0,0.0,0.0,0,0,Not in plan,unsignalised,4040.0,30.0,0.0,23.0,229.0,220.0,230.0,0.0,False,366.0,365.0,
281,228,corridor,gap,Chorley Grove,Churton Park,Quiet street (30 km/h + filter),396.231,32.355,0.04,0.079,0.119,0.0,0.0,0.0,0.0,0.0,0.0,0.0,0,0.0,0.0,0.0,0,0,Not in plan,mixed,1780.0,50.0,0.0,65.0,229.0,220.0,230.0,0.0,False,213.0,212.0,
282,228,corridor,council plan,Childers Terrace,Kilbirnie,Protected lane,276.698,0.0,0.208,0.443,0.941,0.0,0.0,0.0,0.0,0.0,0.0,0.0,1,0.0,0.0,0.0,2,0,Planned (WCC),mixed,8222.0,50.0,0.0,,229.0,220.0,230.0,0.0,False,289.0,288.0,
283,228,corridor,council plan,Cleveland Street,Brooklyn,Quiet street (30 km/h + filter),293.257,0.0,0.03,0.059,0.1,0.0,0.0,0.0,0.0,0.0,0.0,0.0,0,0.0,0.0,0.0,2,0,Planned (WCC),sharrow,2920.0,30.0,0.0,,229.0,220.0,230.0,0.0,False,290.0,289.0,
284,228,corridor,council plan,Wakely Road,Newlands,Quiet street (30 km/h + filter),148.411,0.0,0.03,0.05,0.1,0.0,0.0,0.0,0.0,0.0,0.0,0.0,1,0.0,0.0,0.0,1,1,Planned (WCC),mixed,1490.0,50.0,0.0,,229.0,220.0,230.0,0.0,False,291.0,290.0,
285,228,corridor,council plan,Karori Tunnel,Northland,Protected lane,78.014,0.0,0.1,0.25,0.5,0.0,0.0,0.0,0.0,0.0,0.0,0.0,0,0.0,0.0,0.0,1,0,Unfunded (ex-LGWM),sharrow,17127.0,50.0,0.0,,229.0,220.0,230.0,0.0,False,285.0,284.0,
286,228,corridor,gap,King Street,Mt Cook,Quiet street (30 km/h + filter),307.751,0.0,0.031,0.062,0.1,0.0,0.0,0.0,0.0,0.0,0.0,0.0,2,0.0,0.0,0.0,2,0,Not in plan,mixed,1190.0,50.0,0.0,84.0,229.0,220.0,230.0,0.0,False,221.0,220.0,
287,228,corridor,gap,Glenmore Street,Thorndon,Protected lane,128.698,0.0,0.1,0.25,0.5,0.0,0.0,0.0,0.0,0.0,0.0,0.0,2,0.0,0.0,0.0,2,1,Unfunded (ex-LGWM),painted_lane,15132.0,30.0,0.0,80.0,229.0,220.0,230.0,0.0,False,219.0,218.0,
288,228,corridor,gap,Ellice Street,Mt Victoria,Quiet street (30 km/h + filter),499.164,0.0,0.05,0.1,0.15,0.0,0.0,0.0,0.0,0.0,0.0,0.0,2,0.0,0.0,0.0,2,2,Not in plan,mixed,2900.0,50.0,0.0,73.0,229.0,220.0,230.0,0.0,False,217.0,216.0,
289,228,corridor,gap,Darlington Road,Miramar,Protected lane,1030.018,81.871,0.773,1.648,3.502,0.0,0.0,0.0,0.0,0.0,0.0,0.0,0,0.0,0.0,0.0,0,0,Not in plan,mixed,6035.0,50.0,0.0,88.0,229.0,220.0,230.0,0.0,False,223.0,222.0,
290,228,corridor,gap,(unnamed link),"Miramar, Rongotai, Strathmore Park",Protected lane,1505.092,390.262,1.129,2.408,5.117,0.0,0.0,0.0,0.0,0.0,0.0,0.0,0,0.0,0.0,0.0,0,0,Not in plan,mixed,23281.0,50.0,0.0,180.0,229.0,220.0,230.0,0.0,False,276.0,275.0,
291,228,corridor,gap,St. Michael's Crescent,Kelburn,Quiet street (30 km/h + filter),227.377,0.0,0.03,0.05,0.1,0.0,0.0,0.0,0.0,0.0,0.0,0.0,0,0.0,0.0,0.0,0,0,Not in plan,mixed,540.0,50.0,0.0,189.0,229.0,220.0,230.0,0.0,False,277.0,276.0,
292,228,corridor,gap,Lancaster Street,Karori,Quiet street (30 km/h + filter),252.77,0.0,0.03,0.051,0.1,0.0,0.0,0.0,0.0,0.0,0.0,0.0,1,0.0,0.0,0.0,1,0,Planned (WCC),mixed,2050.0,50.0,0.0,190.0,229.0,220.0,230.0,0.0,False,278.0,277.0,
293,228,corridor,gap,Chelsea Street,Miramar,Quiet street (30 km/h + filter),403.625,0.0,0.04,0.081,0.121,0.0,0.0,0.0,0.0,0.0,0.0,0.0,0,0.0,0.0,0.0,1,0,Not in plan,mixed,1140.0,50.0,0.0,86.0,229.0,220.0,230.0,0.0,False,222.0,221.0,
294,228,corridor,gap,Abel Smith Street,"Te Aro, Aro Valley",Protected lane,580.825,127.985,0.436,0.929,1.975,0.0,0.0,0.0,0.0,0.0,0.0,0.0,2,0.0,0.0,0.0,7,0,Not in plan,mixed,4040.0,30.0,0.0,100.0,229.0,220.0,230.0,0.0,False,226.0,225.0,
295,228,corridor,gap,Rintoul Street,Berhampore,Quiet street (30 km/h + filter),421.034,0.0,0.042,0.084,0.126,0.0,0.0,0.0,0.0,0.0,0.0,0.0,1,0.0,0.0,0.0,0,0,Not in plan,mixed,2145.0,50.0,0.0,104.0,229.0,220.0,230.0,0.0,False,229.0,228.0,
296,228,corridor,gap,The Quadrant,Miramar,Quiet street (30 km/h + filter),271.666,0.0,0.03,0.054,0.1,0.0,0.0,0.0,0.0,0.0,0.0,0.0,0,0.0,0.0,0.0,2,0,Not in plan,mixed,480.0,50.0,0.0,105.0,229.0,220.0,230.0,0.0,False,230.0,229.0,
297,228,corridor,gap,Majoribanks Street,Mt Victoria,Protected lane,511.858,0.0,0.384,0.819,1.74,0.0,0.0,0.0,0.0,0.0,0.0,0.0,2,0.0,0.0,0.0,2,2,Not in plan,mixed,6380.0,50.0,0.0,110.0,229.0,220.0,230.0,0.0,False,233.0,232.0,
298,228,corridor,gap,Marion Street,Te Aro,Quiet street (30 km/h + filter),180.257,0.0,0.03,0.05,0.1,0.0,0.0,0.0,0.0,0.0,0.0,0.0,1,0.0,0.0,0.0,0,0,Not in plan,painted_lane,2677.0,30.0,0.0,72.0,229.0,220.0,230.0,0.0,False,216.0,215.0,
299,228,corridor,council plan,Seatoun Tunnel,Strathmore Park,Protected lane,143.908,0.0,0.108,0.25,0.5,0.0,0.0,0.0,0.0,0.0,0.0,0.0,0,0.0,0.0,0.0,1,0,Planned (WCC),sharrow,6500.0,50.0,0.0,,229.0,220.0,230.0,0.0,False,287.0,286.0,
300,228,corridor,gap,Padnell Crescent,Paparangi,Quiet street (30 km/h + filter),315.31,0.0,0.032,0.063,0.1,0.0,0.0,0.0,0.0,0.0,0.0,0.0,0,0.0,0.0,0.0,0,0,Not in plan,mixed,1130.0,50.0,0.0,200.0,229.0,220.0,230.0,0.0,False,284.0,283.0,
301,228,crossing,crossing,Adelaide Road at Stoke Street,Newtown,Signalised crossing,0.0,,0.5,0.8,1.5,0.0,0.0,0.0,0.0,0.0,0.0,0.0,0,0.0,0.0,0.0,1,0,Not in plan,unsignalised,10842.0,50.0,0.0,69.0,229.0,220.0,230.0,0.0,False,393.0,393.0,
302,228,corridor,council plan,Park Street,Thorndon,Protected lane,127.789,0.0,0.1,0.25,0.5,0.0,0.0,0.0,0.0,0.0,0.0,0.0,1,0.0,0.0,0.0,4,0,Planned (WCC),sharrow,8279.0,50.0,0.682,,229.0,220.0,230.0,0.0,False,292.0,291.0,
303,228,corridor,gap,Elizabeth Street,Mt Victoria,Protected lane,543.098,104.732,0.407,0.869,1.847,0.0,0.0,0.0,0.0,0.0,0.0,0.0,1,0.0,0.0,0.0,0,0,Not in plan,mixed,3100.0,50.0,0.0,195.0,229.0,220.0,230.0,0.0,False,280.0,279.0,
304,228,corridor,council plan,Te Wharepōuri Street,Berhampore,Protected lane,216.108,0.0,0.162,0.346,0.735,0.0,0.0,0.0,0.0,0.0,0.0,0.0,1,0.0,0.0,0.0,6,2,Planned (WCC),mixed,6290.0,50.0,0.0,,229.0,220.0,230.0,0.0,False,294.0,293.0,
305,228,corridor,council plan,Onepu Road,Lyall Bay,Protected lane,349.852,0.0,0.262,0.56,1.189,0.0,0.0,0.0,0.0,0.0,0.0,0.0,1,0.0,0.0,0.0,1,0,Planned (WCC),painted_lane,6933.0,50.0,0.0,,229.0,220.0,230.0,0.0,False,293.0,292.0,
306,228,corridor,council plan,Glasgow Street,Kelburn,Protected lane,311.868,0.0,0.234,0.499,1.06,0.0,0.0,0.0,0.0,0.0,0.0,0.0,0,0.0,0.0,0.0,1,1,Planned (WCC),mixed,10174.0,50.0,0.0,,229.0,220.0,230.0,0.0,False,297.0,296.0,
307,228,corridor,council plan,Izard Road,Khandallah,Quiet street (30 km/h + filter),121.811,0.0,0.03,0.05,0.1,0.0,0.0,0.0,0.0,0.0,0.0,0.0,0,0.0,0.0,0.0,0,0,Planned (WCC),mixed,1150.0,50.0,0.0,,229.0,220.0,230.0,0.0,False,298.0,297.0,
308,228,corridor,council plan,Mansfield Street,Newtown,Protected lane,272.582,0.0,0.204,0.436,0.927,0.0,0.0,0.0,0.0,0.0,0.0,0.0,0,0.0,0.0,0.0,4,2,Planned (WCC),mixed,3591.0,50.0,0.0,,229.0,220.0,230.0,0.0,False,300.0,299.0,
309,228,corridor,council plan,Beazley Avenue,Paparangi,Quiet street (30 km/h + filter),582.295,0.0,0.058,0.116,0.175,0.0,0.0,0.0,0.0,0.0,0.0,0.0,0,0.0,0.0,0.0,0,0,Planned (WCC),mixed,2750.0,50.0,0.0,,229.0,220.0,230.0,0.0,False,295.0,294.0,
310,228,corridor,council plan,Blackbridge Road,Wadestown,Quiet street (30 km/h + filter),408.929,0.0,0.041,0.082,0.123,0.0,0.0,0.0,0.0,0.0,0.0,0.0,0,0.0,0.0,0.0,0,0,Planned (WCC),mixed,2737.0,50.0,0.0,,229.0,220.0,230.0,0.0,False,302.0,301.0,
311,228,corridor,council plan,Hatton Street,Karori,Quiet street (30 km/h + filter),224.385,0.0,0.03,0.05,0.1,0.0,0.0,0.0,0.0,0.0,0.0,0.0,0,0.0,0.0,0.0,1,0,Planned (WCC),sharrow,1700.0,50.0,0.0,,229.0,220.0,230.0,0.0,False,303.0,302.0,
312,228,corridor,council plan,Ferry Street,Seatoun,Protected lane,114.203,0.0,0.1,0.25,0.5,0.0,0.0,0.0,0.0,0.0,0.0,0.0,0,0.0,0.0,0.0,0,0,Planned (WCC),mixed,4478.0,50.0,0.0,,229.0,220.0,230.0,0.0,False,304.0,303.0,
313,228,corridor,council plan,(unnamed link),Tawa,Protected lane,187.301,0.0,0.14,0.3,0.637,0.0,0.0,0.0,0.0,0.0,0.0,0.0,0,0.0,0.0,0.0,2,0,Planned (WCC),mixed,18647.0,50.0,0.0,,229.0,220.0,230.0,0.0,False,180.0,180.0,
314,228,corridor,council plan,(unnamed link),Te Aro,"Protected lane (state highway, NZTA)",89.294,0.0,0.2,0.4,0.8,0.0,0.0,0.0,0.0,0.0,0.0,0.0,2,0.0,0.0,0.0,3,1,Unfunded (ex-LGWM),painted_lane,11866.0,50.0,0.0,,229.0,220.0,230.0,0.0,False,305.0,304.0,
315,228,corridor,council plan,Kelburn Viaduct,Northland,Protected lane,71.895,0.0,0.1,0.25,0.5,0.0,0.0,0.0,0.0,0.0,0.0,0.0,2,0.0,0.0,0.0,4,0,Planned (WCC),mixed,8279.0,50.0,0.0,,229.0,220.0,230.0,0.0,False,306.0,305.0,
316,228,corridor,council plan,Camperdown Road,Miramar,Protected lane,235.66,0.0,0.177,0.377,0.801,0.0,0.0,0.0,0.0,0.0,0.0,0.0,0,0.0,0.0,0.0,0,0,Planned (WCC),mixed,3020.0,50.0,0.0,,229.0,220.0,230.0,0.0,False,307.0,306.0,
317,228,corridor,council plan,Panama Street,Wellington Central,Quiet street (30 km/h + filter),160.017,0.0,0.03,0.05,0.1,0.0,0.0,0.0,0.0,0.0,0.0,0.0,0,0.0,0.0,0.0,5,1,Unfunded (ex-LGWM),mixed,1790.0,30.0,0.0,,229.0,220.0,230.0,0.0,False,301.0,300.0,
318,228,corridor,council plan,(unnamed link),Wellington Central,Protected lane,142.115,0.0,0.107,0.25,0.5,0.0,0.0,0.0,0.0,0.0,0.0,0.0,0,0.0,0.0,0.0,3,0,Unfunded (ex-LGWM),mixed,4138.0,30.0,0.0,,229.0,220.0,230.0,0.0,False,308.0,307.0,
319,228,corridor,council plan,Cambridge Street,Tawa,Quiet street (30 km/h + filter),190.63,0.0,0.03,0.05,0.1,0.0,0.0,0.0,0.0,0.0,0.0,0.0,0,0.0,0.0,0.0,3,0,Planned (WCC),mixed,1766.0,50.0,0.0,,229.0,220.0,230.0,0.0,False,309.0,308.0,
320,228,corridor,council plan,Margaret Street,Wadestown,Quiet street (30 km/h + filter),116.724,0.0,0.03,0.05,0.1,0.0,0.0,0.0,0.0,0.0,0.0,0.0,0,0.0,0.0,0.0,1,0,Planned (WCC),mixed,1260.0,50.0,0.0,,229.0,220.0,230.0,0.0,False,311.0,310.0,
321,228,corridor,council plan,Hutchison Road,Mt Cook,Protected lane,96.055,0.0,0.1,0.25,0.5,0.0,0.0,0.0,0.0,0.0,0.0,0.0,0,0.0,0.0,0.0,3,0,Unfunded (ex-LGWM),mixed,3150.0,50.0,0.0,,229.0,220.0,230.0,0.0,False,310.0,309.0,
322,228,corridor,council plan,Harris Street,Wellington Central,Protected lane,130.655,0.0,0.1,0.25,0.5,0.0,0.0,0.0,0.0,0.0,0.0,0.0,1,0.0,0.0,0.0,2,0,Unfunded (ex-LGWM),mixed,16574.0,30.0,0.0,,229.0,220.0,230.0,0.0,False,312.0,311.0,
323,228,corridor,council plan,Ranui Crescent,Khandallah,Quiet street (30 km/h + filter),177.557,0.0,0.03,0.05,0.1,0.0,0.0,0.0,0.0,0.0,0.0,0.0,0,0.0,0.0,0.0,0,0,Planned (WCC),mixed,2870.0,50.0,0.0,,220.0,181.0,229.0,0.0,False,45.0,46.0,
324,228,corridor,council plan,Ballance Street,Wellington Central,Quiet street (30 km/h + filter),97.414,0.0,0.03,0.05,0.1,0.0,0.0,0.0,0.0,0.0,0.0,0.0,0,0.0,0.0,0.0,6,0,Unfunded (ex-LGWM),mixed,2820.0,30.0,0.164,,229.0,220.0,230.0,0.0,False,313.0,312.0,
325,228,corridor,council plan,The Ridgeway,Mornington,Protected lane,272.858,0.0,0.205,0.437,0.928,0.0,0.0,0.0,0.0,0.0,0.0,0.0,0,0.0,0.0,0.0,0,0,Planned (WCC),mixed,3367.0,50.0,0.0,,224.0,217.0,228.0,0.0,False,183.0,179.0,
326,228,corridor,council plan,(unnamed link),Glenside,Protected lane,127.583,0.0,0.1,0.25,0.5,0.0,0.0,0.0,0.0,0.0,0.0,0.0,0,0.0,0.0,0.0,0,0,Planned (WCC),mixed,14700.0,50.0,0.0,,229.0,220.0,230.0,0.0,False,314.0,313.0,
327,228,corridor,council plan,Webb Street,"Te Aro, Mt Cook",Protected lane,77.402,0.0,0.1,0.25,0.5,0.0,0.0,0.0,0.0,0.0,0.0,0.0,0,0.0,0.0,0.0,2,1,Planned (WCC),mixed,11113.0,50.0,0.0,,229.0,220.0,230.0,0.0,False,315.0,314.0,
328,228,corridor,council plan,Old Karori Road,Karori,Protected lane,140.431,0.0,0.105,0.25,0.5,0.0,0.0,0.0,0.0,0.0,0.0,0.0,1,0.0,0.0,0.0,0,0,Planned (WCC),mixed,5000.0,50.0,0.0,,229.0,220.0,230.0,0.0,False,317.0,316.0,
329,228,corridor,council plan,Cecil Road,Wadestown,Quiet street (30 km/h + filter),190.935,0.0,0.03,0.05,0.1,0.0,0.0,0.0,0.0,0.0,0.0,0.0,0,0.0,0.0,0.0,1,0,Planned (WCC),mixed,1810.0,50.0,0.0,,229.0,220.0,230.0,0.0,False,318.0,317.0,
330,228,corridor,gap,Roxburgh Street,Mt Victoria,Quiet street (30 km/h + filter),560.072,0.0,0.056,0.112,0.168,0.0,0.0,0.0,0.0,0.0,0.0,0.0,0,0.0,0.0,0.0,1,0,Not in plan,mixed,1440.0,50.0,0.0,119.0,229.0,220.0,230.0,0.0,False,237.0,236.0,
331,228,corridor,gap,Boscobel Lane,Tawa,Quiet street (30 km/h + filter),239.497,0.0,0.03,0.05,0.1,0.0,0.0,0.0,0.0,0.0,0.0,0.0,1,0.0,0.0,0.0,1,0,Planned (WCC),mixed,440.0,50.0,0.0,124.0,229.0,220.0,230.0,0.0,False,240.0,239.0,
332,228,corridor,council plan,Box Hill,Khandallah,Protected lane,475.895,0.0,0.357,0.761,1.618,0.0,0.0,0.0,0.0,0.0,0.0,0.0,0,0.0,0.0,0.0,0,0,Planned (WCC),mixed,12029.0,50.0,0.0,,229.0,220.0,230.0,0.0,False,288.0,287.0,
333,228,crossing,crossing,Victoria Street at ,Te Aro,Signalised crossing,0.0,,0.5,0.8,1.5,0.0,0.0,0.0,0.0,0.0,0.0,0.0,0,0.0,0.0,0.0,0,0,Planned (WCC),unsignalised,11356.0,50.0,0.0,70.0,229.0,220.0,230.0,0.0,False,149.0,149.0,
334,228,corridor,council plan,Tanera Crescent,Brooklyn,Quiet street (30 km/h + filter),74.411,0.0,0.03,0.05,0.1,0.0,0.0,0.0,0.0,0.0,0.0,0.0,1,0.0,0.0,0.0,3,1,Planned (WCC),mixed,2370.0,50.0,0.0,,229.0,220.0,230.0,0.0,False,323.0,322.0,
335,228,corridor,council plan,Dundas Street,Seatoun,Protected lane,303.94,0.0,0.228,0.486,1.033,0.0,0.0,0.0,0.0,0.0,0.0,0.0,0,0.0,0.0,0.0,2,1,Planned (WCC),sharrow,3325.0,50.0,0.0,,229.0,220.0,230.0,0.0,False,322.0,321.0,
336,228,corridor,council plan,Marshall Street,Karori,Quiet street (30 km/h + filter),102.292,0.0,0.03,0.05,0.1,0.0,0.0,0.0,0.0,0.0,0.0,0.0,1,0.0,0.0,0.0,1,0,Planned (WCC),sharrow,1930.0,50.0,0.0,,229.0,220.0,230.0,0.0,False,321.0,320.0,
337,228,corridor,council plan,Manners Street,Te Aro,Quiet street (30 km/h + filter),77.015,0.0,0.03,0.05,0.1,0.0,0.0,0.0,0.0,0.0,0.0,0.0,0,0.0,0.0,0.0,7,1,Unfunded (ex-LGWM),mixed,2300.0,30.0,0.0,,229.0,220.0,230.0,0.0,False,320.0,319.0,
338,228,corridor,council plan,Adelaide Road,Newtown,Protected lane,84.543,0.0,0.1,0.25,0.5,0.0,0.0,0.0,0.0,0.0,0.0,0.0,1,0.0,0.0,0.0,4,0,Unfunded (ex-LGWM),mixed,9584.0,50.0,0.0,,229.0,220.0,230.0,0.0,False,328.0,327.0,
339,228,corridor,council plan,(unnamed link),"Hataitai, Kilbirnie",Protected lane,203.64,0.0,0.153,0.326,0.692,0.0,0.0,0.0,0.0,0.0,0.0,0.0,2,0.0,0.0,0.0,0,0,Unfunded (ex-LGWM),mixed,17506.0,50.0,0.0,,229.0,220.0,230.0,0.0,False,329.0,328.0,
340,228,corridor,council plan,Hereford Street,Wilton,Quiet street (30 km/h + filter),153.261,0.0,0.03,0.05,0.1,0.0,0.0,0.0,0.0,0.0,0.0,0.0,0,0.0,0.0,0.0,1,1,Planned (WCC),mixed,660.0,50.0,0.0,,229.0,220.0,230.0,0.0,False,324.0,323.0,
341,228,corridor,council plan,Sydney Street West,Thorndon,Quiet street (30 km/h + filter),242.316,0.0,0.03,0.05,0.1,0.0,0.0,0.0,0.0,0.0,0.0,0.0,2,0.0,0.0,0.0,1,1,Unfunded (ex-LGWM),mixed,240.0,50.0,0.0,,229.0,220.0,230.0,0.0,False,325.0,324.0,
342,228,corridor,council plan,(unnamed link),Churton Park,Protected lane,93.162,0.0,0.1,0.25,0.5,0.0,0.0,0.0,0.0,0.0,0.0,0.0,0,0.0,0.0,0.0,0,0,Planned (WCC),mixed,5635.0,50.0,0.0,,229.0,220.0,230.0,0.0,False,331.0,330.0,
343,228,corridor,council plan,Hankey Street,Mt Cook,Protected lane,71.738,0.0,0.1,0.25,0.5,0.0,0.0,0.0,0.0,0.0,0.0,0.0,0,0.0,0.0,0.0,1,1,Unfunded (ex-LGWM),mixed,17300.0,50.0,0.0,,229.0,220.0,230.0,0.0,False,330.0,329.0,
344,228,corridor,council plan,Manchester Street,Newtown,Quiet street (30 km/h + filter),90.13,0.0,0.03,0.05,0.1,0.0,0.0,0.0,0.0,0.0,0.0,0.0,0,0.0,0.0,0.0,0,0,Planned (WCC),mixed,2460.0,50.0,0.0,,229.0,220.0,230.0,0.0,False,333.0,332.0,
345,228,corridor,council plan,Lennel Road,Wadestown,Protected lane,155.401,0.0,0.117,0.25,0.528,0.0,0.0,0.0,0.0,0.0,0.0,0.0,0,0.0,0.0,0.0,0,0,Planned (WCC),sharrow,5755.0,40.0,0.0,,229.0,220.0,230.0,0.0,False,332.0,331.0,
346,228,corridor,council plan,Northland Tunnel Road,Northland,Quiet street (30 km/h + filter),121.15,0.0,0.03,0.05,0.1,0.0,0.0,0.0,0.0,0.0,0.0,0.0,2,0.0,0.0,0.0,3,0,Unfunded (ex-LGWM),mixed,1653.0,50.0,0.0,,229.0,220.0,230.0,0.0,False,334.0,333.0,
347,228,corridor,council plan,(unnamed link),Kelburn,Protected lane,62.619,0.0,0.1,0.25,0.5,0.0,0.0,0.0,0.0,0.0,0.0,0.0,1,0.0,0.0,0.0,0,0,Planned (WCC),mixed,9970.0,50.0,0.0,,229.0,220.0,230.0,0.0,False,182.0,183.0,
348,228,corridor,council plan,Phillip Street,Johnsonville,Quiet street (30 km/h + filter),66.581,0.0,0.03,0.05,0.1,0.0,0.0,0.0,0.0,0.0,0.0,0.0,0,0.0,0.0,0.0,1,0,Planned (WCC),mixed,1560.0,50.0,0.0,,229.0,220.0,230.0,0.0,False,326.0,325.0,
349,228,corridor,council plan,Station Road,Khandallah,Protected lane,108.855,0.0,0.1,0.25,0.5,0.0,0.0,0.0,0.0,0.0,0.0,0.0,0,0.0,0.0,0.0,0,0,Planned (WCC),mixed,3060.0,50.0,0.0,,229.0,220.0,230.0,0.0,False,327.0,326.0,
350,228,crossing,crossing,Boulcott Street at ,Wellington Central,Raised zebra / refuge,0.0,,0.15,0.25,0.4,0.0,0.0,0.0,0.0,0.0,0.0,0.0,0,0.0,0.0,0.0,1,0,Not in plan,unsignalised,7268.0,30.0,0.0,62.0,229.0,220.0,230.0,0.0,False,389.0,389.0,
351,228,crossing,crossing,Burma Road at Fraser Avenue,Broadmeadows,Signalised crossing,0.0,,0.5,0.8,1.5,0.0,0.0,0.0,0.0,0.0,0.0,0.0,0,0.0,0.0,0.0,0,0,Planned (WCC),unsignalised,14276.0,50.0,0.0,63.0,229.0,220.0,230.0,0.0,False,138.0,141.0,
352,228,crossing,crossing,Broadway at Glamis Avenue,Strathmore Park,Signalised crossing,0.0,,0.5,0.8,1.5,0.0,0.0,0.0,0.0,0.0,0.0,0.0,0,0.0,0.0,0.0,1,1,Planned (WCC),unsignalised,9964.0,30.0,0.0,64.0,229.0,220.0,230.0,0.0,False,125.0,132.0,
353,228,crossing,crossing,Lambton Quay at Waring Taylor Street,Wellington Central,Raised zebra / refuge,0.0,,0.15,0.25,0.4,0.0,0.0,0.0,0.0,0.0,0.0,0.0,0,0.0,0.0,0.0,1,0,Unfunded (ex-LGWM),unsignalised,2489.0,30.0,0.0,66.0,229.0,220.0,230.0,0.0,False,390.0,390.0,
354,228,crossing,crossing,Broadway at The Quadrant,Miramar,Signalised crossing,0.0,,0.5,0.8,1.5,0.0,0.0,0.0,0.0,0.0,0.0,0.0,0,0.0,0.0,0.0,2,0,Not in plan,unsignalised,12659.0,50.0,0.0,67.0,229.0,220.0,230.0,0.0,False,391.0,391.0,
355,228,corridor,gap,Palmer Street,Aro Valley,Quiet street (30 km/h + filter),161.8,0.0,0.03,0.05,0.1,0.0,0.0,0.0,0.0,0.0,0.0,0.0,2,0.0,0.0,0.0,0,0,Not in plan,mixed,220.0,50.0,0.0,132.0,229.0,220.0,230.0,0.0,False,244.0,243.0,
356,228,corridor,gap,Jessie Street,Te Aro,Quiet street (30 km/h + filter),222.181,0.0,0.03,0.05,0.1,0.0,0.0,0.0,0.0,0.0,0.0,0.0,0,0.0,0.0,0.0,3,0,Not in plan,mixed,2360.0,30.0,0.0,135.0,229.0,220.0,230.0,0.0,False,245.0,244.0,
357,228,corridor,gap,Stewart Duff Drive,"Rongotai, Miramar, Moa Point",Quiet street (30 km/h + filter),1694.407,314.596,0.169,0.339,0.508,0.0,0.0,0.0,0.0,0.0,0.0,0.0,1,0.0,0.0,0.0,1,1,Not in plan,mixed,500.0,50.0,0.0,139.0,229.0,220.0,230.0,0.0,False,247.0,246.0,
358,228,corridor,gap,Ellesmere Avenue,Miramar,Quiet street (30 km/h + filter),524.546,0.0,0.052,0.105,0.157,0.0,0.0,0.0,0.0,0.0,0.0,0.0,0,0.0,0.0,0.0,0,0,Not in plan,mixed,640.0,50.0,0.0,141.0,229.0,220.0,230.0,0.0,False,249.0,248.0,
359,228,corridor,gap,Willeston Street,Wellington Central,Protected lane,181.824,0.0,0.136,0.291,0.618,0.0,0.0,0.0,0.0,0.0,0.0,0.0,1,0.0,0.0,0.0,2,0,Unfunded (ex-LGWM),mixed,16574.0,30.0,0.0,143.0,229.0,220.0,230.0,0.0,False,250.0,249.0,
360,228,corridor,gap,Rua Street,Lyall Bay,Quiet street (30 km/h + filter),304.661,0.0,0.03,0.061,0.1,0.0,0.0,0.0,0.0,0.0,0.0,0.0,0,0.0,0.0,0.0,2,2,Not in plan,mixed,1440.0,50.0,0.0,147.0,229.0,220.0,230.0,0.0,False,253.0,252.0,
361,228,corridor,gap,Rugby Street,Mt Cook,Protected lane,77.744,0.0,0.1,0.25,0.5,0.0,0.0,0.0,0.0,0.0,0.0,0.0,1,0.0,0.0,0.0,1,0,Built or underway,painted_lane,3980.0,50.0,0.0,154.0,229.0,220.0,230.0,0.0,False,257.0,256.0,
362,228,corridor,gap,Stoke Street,Newtown,Quiet street (30 km/h + filter),309.587,0.0,0.031,0.062,0.1,0.0,0.0,0.0,0.0,0.0,0.0,0.0,1,0.0,0.0,0.0,2,0,Not in plan,mixed,1780.0,50.0,0.0,160.0,229.0,220.0,230.0,0.0,False,263.0,262.0,
363,228,corridor,gap,Kaiwharawhara Road,Kaiwharawhara,Protected lane,83.934,0.0,0.1,0.25,0.5,0.0,0.0,0.0,0.0,0.0,0.0,0.0,2,0.0,0.0,0.0,4,0,Planned (WCC),bus_lane,12374.0,50.0,0.0,162.0,229.0,220.0,230.0,0.0,False,264.0,263.0,
364,228,crossing,crossing,Tauhinu Road at Rex Street,Miramar,Raised zebra / refuge,0.0,,0.15,0.25,0.4,0.0,0.0,0.0,0.0,0.0,0.0,0.0,0,0.0,0.0,0.0,0,0,Not in plan,unsignalised,6130.0,50.0,0.0,60.0,229.0,220.0,230.0,0.0,False,114.0,101.0,
365,228,crossing,crossing,Main Road at The Drive,Tawa,Signalised crossing,0.0,,0.5,0.8,1.5,0.0,0.0,0.0,0.0,0.0,0.0,0.0,0,0.0,0.0,0.0,0,0,Not in plan,unsignalised,12470.0,50.0,0.0,61.0,229.0,220.0,230.0,0.0,False,388.0,388.0,
366,228,corridor,gap,The Drive,Tawa,Quiet street (30 km/h + filter),947.028,197.831,0.095,0.189,0.284,0.0,0.0,0.0,0.0,0.0,0.0,0.0,0,0.0,0.0,0.0,0,0,Not in plan,mixed,1160.0,50.0,0.0,166.0,229.0,220.0,230.0,0.0,False,268.0,267.0,
367,228,corridor,gap,Bombay Street,Ngaio,Quiet street (30 km/h + filter),468.858,87.127,0.047,0.094,0.141,0.0,0.0,0.0,0.0,0.0,0.0,0.0,0,0.0,0.0,0.0,0,0,Not in plan,mixed,1130.0,50.0,0.0,164.0,229.0,220.0,230.0,0.0,False,266.0,265.0,
368,228,corridor,council plan,(unnamed link),Broadmeadows,Protected lane,232.979,0.0,0.175,0.373,0.792,0.0,0.0,0.0,0.0,0.0,0.0,0.0,0,0.0,0.0,0.0,0,0,Planned (WCC),mixed,13676.0,50.0,0.0,,229.0,220.0,230.0,0.0,False,338.0,337.0,
369,228,corridor,council plan,Cambridge Terrace,Te Aro,Protected lane,124.891,0.0,0.1,0.25,0.5,0.0,0.0,0.0,0.0,0.0,0.0,0.0,1,0.0,0.0,0.0,2,0,Planned (WCC),mixed,7517.0,50.0,0.0,,229.0,220.0,230.0,0.0,False,336.0,335.0,
370,228,corridor,council plan,(unnamed link),Te Aro,Protected lane,90.546,0.0,0.1,0.25,0.5,0.0,0.0,0.0,0.0,0.0,0.0,0.0,2,0.0,0.0,0.0,1,0,Planned (WCC),mixed,10836.0,50.0,0.0,,229.0,220.0,230.0,0.0,False,340.0,339.0,
371,228,corridor,council plan,Kupe Street,Hataitai,Protected lane,103.95,0.0,0.1,0.25,0.5,0.0,0.0,0.0,0.0,0.0,0.0,0.0,0,0.0,0.0,0.0,0,0,Unfunded (ex-LGWM),mixed,5020.0,50.0,0.0,,229.0,220.0,230.0,0.0,False,341.0,340.0,
372,228,corridor,council plan,Pinelands Avenue,Seatoun,Quiet street (30 km/h + filter),130.527,0.0,0.03,0.05,0.1,0.0,0.0,0.0,0.0,0.0,0.0,0.0,0,0.0,0.0,0.0,0,0,Planned (WCC),mixed,2080.0,50.0,0.0,,229.0,220.0,230.0,0.0,False,342.0,341.0,
373,228,corridor,council plan,Reef Street,Island Bay,Protected lane,157.881,0.0,0.118,0.253,0.537,0.0,0.0,0.0,0.0,0.0,0.0,0.0,2,0.0,0.0,0.0,0,0,Planned (WCC),painted_lane,2585.0,50.0,0.0,,229.0,220.0,230.0,0.0,False,337.0,336.0,
374,228,corridor,council plan,Fancourt Street,Karori,Quiet street (30 km/h + filter),142.486,0.0,0.03,0.05,0.1,0.0,0.0,0.0,0.0,0.0,0.0,0.0,1,0.0,0.0,0.0,0,0,Unfunded (ex-LGWM),mixed,240.0,50.0,0.0,,229.0,220.0,230.0,0.0,False,343.0,342.0,
375,228,corridor,council plan,(unnamed link),Khandallah,Quiet street (30 km/h + filter),120.339,0.0,0.03,0.05,0.1,0.0,0.0,0.0,0.0,0.0,0.0,0.0,1,0.0,0.0,0.0,0,0,Planned (WCC),mixed,500.0,50.0,0.0,,229.0,220.0,230.0,0.0,False,346.0,345.0,
376,228,corridor,council plan,Walworth Road,Northland,Quiet street (30 km/h + filter),192.017,0.0,0.03,0.05,0.1,0.0,0.0,0.0,0.0,0.0,0.0,0.0,0,0.0,0.0,0.0,0,0,Planned (WCC),mixed,500.0,50.0,0.0,,229.0,220.0,230.0,0.0,False,347.0,346.0,
377,228,corridor,council plan,Military Road,Northland,Quiet street (30 km/h + filter),60.862,0.0,0.03,0.05,0.1,0.0,0.0,0.0,0.0,0.0,0.0,0.0,1,0.0,0.0,0.0,0,0,Planned (WCC),mixed,60.0,50.0,0.0,,229.0,220.0,230.0,0.0,False,348.0,347.0,
378,228,corridor,council plan,(unnamed link),Wadestown,Quiet street (30 km/h + filter),75.138,0.0,0.03,0.05,0.1,0.0,0.0,0.0,0.0,0.0,0.0,0.0,0,0.0,0.0,0.0,0,0,Planned (WCC),mixed,1040.0,50.0,0.0,,229.0,220.0,230.0,0.0,False,349.0,348.0,
379,228,corridor,council plan,Melville Street,Tawa,Quiet street (30 km/h + filter),60.574,0.0,0.03,0.05,0.1,0.0,0.0,0.0,0.0,0.0,0.0,0.0,0,0.0,0.0,0.0,0,0,Planned (WCC),mixed,420.0,50.0,0.0,,229.0,220.0,230.0,0.0,False,350.0,349.0,
380,228,corridor,council plan,Rarangi Way,Owhiro Bay,Quiet street (30 km/h + filter),67.868,0.0,0.03,0.05,0.1,0.0,0.0,0.0,0.0,0.0,0.0,0.0,0,0.0,0.0,0.0,0,0,Planned (WCC),mixed,500.0,50.0,0.0,,229.0,220.0,230.0,0.0,False,351.0,350.0,
381,228,corridor,council plan,Butt Street,Brooklyn,Quiet street (30 km/h + filter),62.566,0.0,0.03,0.05,0.1,0.0,0.0,0.0,0.0,0.0,0.0,0.0,0,0.0,0.0,0.0,0,0,Planned (WCC),mixed,100.0,50.0,0.0,,229.0,220.0,230.0,0.0,False,339.0,338.0,
382,228,corridor,council plan,(unnamed link),Newlands,"Protected lane (state highway, NZTA)",77.806,0.0,0.2,0.4,0.8,0.0,0.0,0.0,0.0,0.0,0.0,0.0,2,0.0,0.0,0.0,0,0,Unfunded (ex-LGWM),mixed,9646.0,50.0,0.0,,229.0,220.0,230.0,0.0,False,352.0,351.0,
383,228,crossing,crossing,Dixon Street at Eva Street,Te Aro,Raised zebra / refuge,0.0,,0.15,0.25,0.4,0.0,0.0,0.0,0.0,0.0,0.0,0.0,1,0.0,0.0,0.0,0,0,Unfunded (ex-LGWM),unsignalised,5000.0,30.0,0.0,1.0,229.0,220.0,230.0,0.0,False,353.0,352.0,
384,228,corridor,gap,Beauchamp Street,Tawa,Quiet street (30 km/h + filter),588.725,0.0,0.059,0.118,0.177,0.0,0.0,0.0,0.0,0.0,0.0,0.0,2,0.0,0.0,0.0,0,0,Built or underway,mixed,693.0,50.0,1.0,51.0,229.0,220.0,230.0,0.0,False,208.0,207.0,
385,228,corridor,gap,Mein Street,Newtown,Protected lane,643.471,88.601,0.456,0.973,2.067,0.0,0.0,0.0,0.0,0.0,0.0,0.0,2,0.0,0.0,0.0,6,2,Not in plan,mixed,6744.0,40.0,0.138,36.0,229.0,220.0,230.0,0.0,False,203.0,202.0,
386,228,corridor,gap,Fairlie Terrace,Kelburn,Quiet street (30 km/h + filter),262.459,0.0,0.03,0.052,0.1,0.0,0.0,0.0,0.0,0.0,0.0,0.0,0,0.0,0.0,0.0,1,0,Not in plan,mixed,960.0,50.0,0.0,56.0,229.0,220.0,230.0,0.0,False,210.0,209.0,
387,228,corridor,gap,Owen Street,Newtown,Quiet street (30 km/h + filter),1163.388,47.328,0.116,0.233,0.349,0.0,0.0,0.0,0.0,0.0,0.0,0.0,1,0.0,0.0,0.0,3,0,Not in plan,mixed,1930.0,40.0,0.369,57.0,229.0,220.0,230.0,0.0,False,211.0,210.0,
388,228,crossing,crossing,Park Road at Brussels Street,Miramar,Raised zebra / refuge,0.0,,0.15,0.25,0.4,0.0,0.0,0.0,0.0,0.0,0.0,0.0,0,0.0,0.0,0.0,0,0,Not in plan,unsignalised,5873.0,50.0,0.0,71.0,229.0,220.0,230.0,0.0,False,55.0,60.0,
389,228,corridor,gap,Karori Road,Karori,Protected lane,326.184,0.0,0.245,0.522,1.109,0.0,0.0,0.0,0.0,0.0,0.0,0.0,2,0.0,0.0,0.0,6,1,Unfunded (ex-LGWM),painted_lane,19667.0,40.0,0.0,52.0,229.0,220.0,230.0,0.0,False,209.0,208.0,
390,228,crossing,crossing,Majoribanks Street at Roxburgh Street,Mt Victoria,Raised zebra / refuge,0.0,,0.15,0.25,0.4,0.0,0.0,0.0,0.0,0.0,0.0,0.0,0,0.0,0.0,0.0,0,0,Not in plan,unsignalised,6380.0,50.0,0.0,72.0,229.0,220.0,230.0,0.0,False,394.0,394.0,
391,228,crossing,crossing,Stewart Duff Drive at ,Rongotai,Raised zebra / refuge,0.0,,0.15,0.25,0.4,0.0,0.0,0.0,0.0,0.0,0.0,0.0,0,0.0,0.0,0.0,0,0,Not in plan,unsignalised,500.0,50.0,0.0,73.0,229.0,220.0,230.0,0.0,False,395.0,395.0,
392,228,crossing,crossing,Upland Road at St. Michael's Crescent,Kelburn,Signalised crossing,0.0,,0.5,0.8,1.5,0.0,0.0,0.0,0.0,0.0,0.0,0.0,0,0.0,0.0,0.0,0,0,Planned (WCC),unsignalised,9475.0,50.0,0.0,75.0,229.0,220.0,230.0,0.0,False,396.0,396.0,
393,228,crossing,crossing,Crofton Road at Old Porirua Road,Ngaio,Raised zebra / refuge,0.0,,0.15,0.25,0.4,0.0,0.0,0.0,0.0,0.0,0.0,0.0,0,0.0,0.0,0.0,0,0,Not in plan,unsignalised,2900.0,50.0,0.0,74.0,229.0,220.0,230.0,0.0,False,90.0,93.0,
394,228,crossing,crossing,Wha Street at Freyberg Street,Lyall Bay,Raised zebra / refuge,0.0,,0.15,0.25,0.4,0.0,0.0,0.0,0.0,0.0,0.0,0.0,0,0.0,0.0,0.0,1,0,Not in plan,unsignalised,1530.0,50.0,0.0,76.0,229.0,220.0,230.0,0.0,False,92.0,62.0,
395,228,crossing,crossing,Tauhinu Road at Byron Street,Miramar,Raised zebra / refuge,0.0,,0.15,0.25,0.4,0.0,0.0,0.0,0.0,0.0,0.0,0.0,0,0.0,0.0,0.0,0,0,Not in plan,unsignalised,7970.0,50.0,0.0,78.0,229.0,220.0,230.0,0.0,False,134.0,134.0,
396,228,crossing,crossing,Cockayne Road at Lucknow Terrace,Khandallah,Raised zebra / refuge,0.0,,0.15,0.25,0.4,0.0,0.0,0.0,0.0,0.0,0.0,0.0,0,0.0,0.0,0.0,0,0,Not in plan,unsignalised,3944.0,50.0,0.0,79.0,229.0,220.0,230.0,0.0,False,12.0,5.0,
397,228,crossing,crossing,Main Road at Boscobel Lane,Tawa,Signalised crossing,0.0,,0.5,0.8,1.5,0.0,0.0,0.0,0.0,0.0,0.0,0.0,0,0.0,0.0,0.0,0,0,Not in plan,unsignalised,19840.0,50.0,0.0,80.0,229.0,220.0,230.0,0.0,False,397.0,397.0,
