,n,observed,fitted,observed_%,fitted_%
"km_band: (0, 2]",13974.0,434.0,439.68,3.11,3.15
"km_band: (2, 4]",18969.0,1070.0,1262.51,5.64,6.66
"km_band: (4, 6]",14109.0,1340.0,1184.02,9.5,8.39
"km_band: (6, 8]",8682.0,834.0,691.16,9.61,7.96
"km_band: (8, 12]",11691.0,790.0,814.26,6.76,6.96
"km_band: (12, 20]",10557.0,410.0,501.88,3.88,4.75
"km_band: (20, 60]",2052.0,92.0,76.5,4.48,3.73
"grad_band: (0.0, 1.5]",17649.0,978.0,1076.01,5.54,6.1
"grad_band: (1.5, 2.5]",19800.0,1327.0,1194.02,6.7,6.03
"grad_band: (2.5, 3.5]",16812.0,861.0,1009.47,5.12,6.0
"grad_band: (3.5, 5.0]",16776.0,1205.0,1126.85,7.18,6.72
"grad_band: (5.0, 20.0]",6594.0,507.0,459.78,7.69,6.97
