VIEWPOINT_ID,counted,modelled
7523,58.7,1.8
3166,29.3,69.6
3168,0.2,69.6
3201,288.5,311.9
9015,406.3,6.3
9023,1272.6,3363.1
9018,1513.5,37.7
9026,329.1,1354.0
9028,537.4,87.5
9041,1184.6,2573.8
9756,103.6,17.7
2793,1189.4,572.6
7537,345.1,325.2
7352,2485.8,3438.7
9033,337.3,325.7
9039,168.3,404.2
9011,3324.2,5405.7
7477,122.3,0.0
9030,349.1,698.7
7333,145.2,147.1
7510,122.0,93.6
7509,29.3,93.6
3130,146.5,93.6
3158,10.8,93.6
9019,2403.5,2625.6
9020,541.9,2625.6
3163,46.4,94.8
3160,427.1,176.6
7529,66.0,45.2
7530,5.6,45.2
3205,247.5,201.0
3206,5.2,1.9
7500,636.8,284.9
3180,509.9,494.4
9021,1360.5,2692.9
7505,96.6,46.1
7515,346.8,88.3
7485,887.3,1965.7
7481,381.7,736.0
7489,182.4,681.9
7491,682.2,1839.0
7483,534.1,358.6
7488,112.5,1.6
7473,236.2,27.0
7346,45.5,0.0
7493,673.4,2694.6
7539,132.1,0.0
7535,271.8,0.0
7538,8.3,275.2
7517,484.3,636.0
7518,13.5,0.0
7521,486.2,292.6
7522,223.0,27.7
7525,188.7,125.1
7526,226.5,135.5
7527,367.1,229.8
7533,392.1,708.3
3570,186.0,22.8
3579,93.0,18.2
3217,178.3,35.8
3347,67.4,66.6
3192,233.2,1314.6
3193,201.0,380.0
3416,72.7,438.9
3445,170.8,403.7
2806,97.7,429.9
2786,235.4,1.5
3190,101.3,9.1
7475,604.4,1439.6
7480,520.7,1902.4
7332,302.8,517.7
7334,275.3,63.4
7348,383.3,1146.9
7349,109.0,496.8
7350,185.2,1162.8
7354,509.7,664.4
7356,977.0,1587.6
9029,49.2,284.7
7495,131.1,0.7
7487,130.4,517.2
3207,109.8,12.2
3704,114.7,421.3
10325,2046.3,862.9
2797,240.9,1.5
2805,19.0,1.5
10343,471.1,169.1
10474,199.8,203.3
10476,109.5,101.6
10477,87.7,101.6
10478,52.6,35.4
10479,199.5,35.4
10480,35.5,31.4
10481,288.4,33.4
9031,314.7,915.0
3495,119.8,19.7
7490,232.9,0.0
3703,135.9,11.1
7497,111.0,421.3
7498,139.3,11.1
9037,372.9,197.0
11883,1037.5,334.0
11884,1053.5,651.7
11885,288.2,452.8
11881,162.5,46.3
11880,319.3,209.3
11882,122.4,74.9
9462,1243.5,647.1
7503,67.9,122.2
7519,443.0,423.2
7520,17.4,55.6
2768,257.5,108.3
7479,94.1,152.8
7471,116.4,0.3
