Suburb,units,rates_$m,cost_A_$m,cost_B_$m,median_rates,median_cost_A,median_cost_B,local_network_cost_A_per_unit,local_network_cost_B_per_unit,revenue_to_cost_A,revenue_to_cost_B,revenue_to_cost_A_shared_by_cv,share_paying_more_than_cost_A_%,net_A_$m
Grenada North,184,0.639,1.45,1.67,3.29e+03,7.2e+03,8.22e+03,2.29e+03,2.92e+03,0.442,0.383,0.584,1.09,-0.806
Wellington Central,2332,5.59,12.3,13.5,1.76e+03,5.16e+03,5.67e+03,111,143,0.456,0.414,1.08,4.8,-6.68
Glenside,181,0.756,1.56,1.8,3.42e+03,6.21e+03,7.01e+03,2.39e+03,2.98e+03,0.485,0.421,0.562,3.31,-0.802
Pipitea,470,1.3,2.59,2.86,2.77e+03,5.28e+03,5.82e+03,321,415,0.502,0.453,0.971,1.06,-1.29
Te Aro,7822,22.1,42.2,46.5,2.58e+03,5.23e+03,5.74e+03,213,271,0.524,0.475,1.01,4.96,-20.1
Tawa,5235,21.4,40.2,46.2,3.99e+03,7.2e+03,8.22e+03,2.12e+03,2.71e+03,0.533,0.464,0.638,0.535,-18.8
Newlands,2906,11.8,21.6,24.8,3.95e+03,7.05e+03,8.02e+03,1.97e+03,2.51e+03,0.548,0.478,0.662,0.447,-9.77
Kingston,473,1.99,3.54,4.07,4.43e+03,7.18e+03,8.19e+03,2.01e+03,2.58e+03,0.562,0.489,0.664,0.846,-1.55
Broadmeadows,628,2.65,4.68,5.36,4.17e+03,7.21e+03,8.24e+03,2e+03,2.55e+03,0.567,0.495,0.668,0.318,-2.02
Paparangi,988,4.23,7.29,8.36,4.12e+03,6.97e+03,7.95e+03,1.84e+03,2.37e+03,0.581,0.506,0.679,0.607,-3.05
Ngauranga,114,0.456,0.785,0.893,3.42e+03,6.19e+03,6.96e+03,1.44e+03,1.84e+03,0.581,0.511,0.724,4.39,-0.329
Woodridge,688,3.15,5.38,6.19,4.48e+03,7.47e+03,8.54e+03,2.29e+03,2.91e+03,0.586,0.509,0.648,0.436,-2.23
Owhiro Bay,339,1.42,2.42,2.77,4.04e+03,6.57e+03,7.43e+03,1.61e+03,2.09e+03,0.587,0.513,0.702,0.885,-0.997
Wilton,787,3.56,6.01,6.93,4.52e+03,7.12e+03,8.14e+03,2.15e+03,2.76e+03,0.592,0.514,0.662,0.762,-2.45
Strathmore Park,1204,5.45,9.19,10.5,4.04e+03,7.22e+03,8.24e+03,2.15e+03,2.73e+03,0.593,0.517,0.663,3.99,-3.74
Johnsonville,4306,17.9,30.2,34.4,4.04e+03,6.64e+03,7.51e+03,1.58e+03,2.02e+03,0.594,0.521,0.716,0.952,-12.2
Crofton Downs,691,3.23,5.35,6.15,4.65e+03,7.32e+03,8.4e+03,2.23e+03,2.84e+03,0.604,0.526,0.66,2.46,-2.12
Grenada Village,676,3.2,5.29,6.09,4.74e+03,7.52e+03,8.64e+03,2.31e+03,2.96e+03,0.606,0.526,0.655,1.18,-2.08
Rongotai,351,1.4,2.29,2.59,4.17e+03,6.54e+03,7.39e+03,1.16e+03,1.48e+03,0.61,0.54,0.773,0.855,-0.895
Maupuia,528,2.33,3.77,4.29,4.12e+03,6.72e+03,7.63e+03,1.72e+03,2.18e+03,0.617,0.542,0.71,3.03,-1.44
Melrose,457,2.18,3.48,4,4.56e+03,7.09e+03,8.08e+03,2.08e+03,2.67e+03,0.625,0.543,0.675,2.41,-1.3
Mornington,310,1.46,2.26,2.59,4.65e+03,6.91e+03,7.8e+03,1.77e+03,2.28e+03,0.643,0.562,0.704,2.58,-0.807
Northland,1245,5.94,9.21,10.5,4.34e+03,7.05e+03,8.03e+03,1.94e+03,2.48e+03,0.645,0.563,0.697,6.18,-3.27
Vogeltown,346,1.57,2.44,2.77,4.56e+03,6.76e+03,7.66e+03,1.59e+03,2.03e+03,0.646,0.568,0.727,2.31,-0.862
Mt Cook,2305,8.81,13.6,15.2,3.29e+03,5.46e+03,6.03e+03,631,804,0.647,0.58,0.876,4.95,-4.81
Churton Park,2684,13.6,20.5,23.6,5e+03,7.38e+03,8.42e+03,2.14e+03,2.73e+03,0.661,0.575,0.683,2.87,-6.97
Ngaio,2196,10.6,15.9,18.2,4.61e+03,6.93e+03,7.86e+03,1.75e+03,2.24e+03,0.664,0.581,0.714,5.65,-5.35
Kilbirnie,1432,6.44,9.64,10.9,4.21e+03,6.3e+03,7.07e+03,1.33e+03,1.7e+03,0.668,0.589,0.763,3.35,-3.2
Southgate,410,2.01,3.01,3.44,4.91e+03,7.12e+03,8.13e+03,1.84e+03,2.36e+03,0.67,0.585,0.709,2.2,-0.993
Miramar,3430,16.4,24.4,27.8,4.65e+03,6.76e+03,7.65e+03,1.66e+03,2.11e+03,0.672,0.59,0.727,3.79,-8
Lyall Bay,1310,5.93,8.75,9.91,4.52e+03,6.45e+03,7.28e+03,1.28e+03,1.64e+03,0.678,0.598,0.771,3.74,-2.82
Berhampore,1183,5.28,7.68,8.66,4.21e+03,6.12e+03,6.87e+03,1.13e+03,1.45e+03,0.688,0.61,0.795,1.69,-2.39
Aro Valley,919,4.27,6.2,7.03,4.39e+03,6.34e+03,7.14e+03,1.34e+03,1.71e+03,0.69,0.608,0.767,6.96,-1.92
Houghton Bay,359,1.74,2.51,2.86,4.69e+03,6.73e+03,7.61e+03,1.5e+03,1.93e+03,0.692,0.607,0.742,6.41,-0.775
Karori,5434,28.6,40.7,46.7,4.78e+03,7.13e+03,8.12e+03,1.96e+03,2.5e+03,0.702,0.613,0.705,10.3,-12.1
Brooklyn,2440,12.4,17.4,19.9,4.91e+03,6.68e+03,7.56e+03,1.6e+03,2.05e+03,0.712,0.624,0.735,8.07,-5.02
Island Bay,2838,14.9,20.7,23.6,5.09e+03,6.91e+03,7.83e+03,1.76e+03,2.24e+03,0.723,0.634,0.726,6.73,-5.72
Highbury,157,0.819,1.13,1.28,5.26e+03,6.78e+03,7.67e+03,1.7e+03,2.15e+03,0.727,0.639,0.735,7.64,-0.308
Newtown,2500,11.8,16.2,18.2,4.43e+03,6.15e+03,6.87e+03,1.1e+03,1.41e+03,0.731,0.649,0.804,6.56,-4.35
Hataitai,2157,11.7,15.6,17.8,5.31e+03,6.78e+03,7.65e+03,1.61e+03,2.06e+03,0.753,0.66,0.737,12.7,-3.86
Wadestown,1326,7.54,9.96,11.4,5.31e+03,7.08e+03,8.06e+03,1.96e+03,2.51e+03,0.757,0.661,0.718,15.2,-2.42
Thorndon,1907,8.85,11.7,13.1,3.86e+03,5.58e+03,6.16e+03,790,1.02e+03,0.758,0.676,0.854,12.7,-2.83
Breaker Bay,123,0.663,0.873,1,5.31e+03,7e+03,8e+03,1.49e+03,1.98e+03,0.76,0.662,0.749,4.88,-0.209
Kaiwharawhara,194,1.15,1.43,1.63,5.81e+03,6.97e+03,7.91e+03,1.78e+03,2.3e+03,0.805,0.703,0.739,27.3,-0.279
Khandallah,3194,19.1,23.6,26.9,5.61e+03,7.01e+03,7.95e+03,1.8e+03,2.3e+03,0.811,0.71,0.739,20.4,-4.45
Karaka Bays,316,2.12,2.46,2.83,6.53e+03,7.35e+03,8.35e+03,2.15e+03,2.77e+03,0.861,0.748,0.724,27.2,-0.343
Mt Victoria,1831,10.4,11.6,13,5.13e+03,5.97e+03,6.65e+03,935,1.19e+03,0.897,0.801,0.844,28,-1.19
Kelburn,1255,8.25,9.09,10.3,5.96e+03,6.86e+03,7.74e+03,1.71e+03,2.17e+03,0.908,0.798,0.766,31.9,-0.839
Roseneath,630,4.43,4.58,5.23,5.9e+03,6.82e+03,7.73e+03,1.69e+03,2.19e+03,0.969,0.848,0.775,37.3,-0.142
Seatoun,1004,8.13,7.83,8.96,7.39e+03,7.15e+03,8.12e+03,2.13e+03,2.72e+03,1.04,0.907,0.755,48.8,0.297
Oriental Bay,511,5.41,3.53,3.97,8.42e+03,6.12e+03,6.8e+03,1.2e+03,1.56e+03,1.53,1.36,0.851,70.5,1.88
