Suburb,units,rates_$m,ratio_A_v1,ratio_A_v2,ratio_A_workers_low,ratio_A_workers_high,ratio_A_people_share_60,ratio_A_offroad_citywide,ratio_B_v1,ratio_B_v2,v2_range_low,v2_range_high,net_A_v1_$m,net_A_v2_$m,residents_per_unit
Grenada North,184,0.639,0.442,0.511,0.497,0.533,0.5,0.533,0.383,0.439,0.497,0.533,-0.806,-0.611,1.99
Paparangi,988,4.23,0.581,0.548,0.529,0.578,0.554,0.571,0.506,0.477,0.529,0.578,-3.05,-3.48,2.89
Kingston,473,1.99,0.562,0.552,0.533,0.582,0.555,0.574,0.489,0.481,0.533,0.582,-1.55,-1.62,2.8
Newlands,2906,11.8,0.548,0.554,0.533,0.585,0.557,0.563,0.478,0.485,0.533,0.585,-9.77,-9.56,2.81
Tawa,5235,21.4,0.533,0.569,0.549,0.602,0.573,0.566,0.464,0.5,0.549,0.602,-18.8,-16.2,2.76
Owhiro Bay,339,1.42,0.587,0.585,0.563,0.618,0.588,0.591,0.513,0.514,0.563,0.618,-0.997,-1.01,2.79
Strathmore Park,1204,5.45,0.593,0.589,0.567,0.624,0.599,0.59,0.517,0.519,0.567,0.624,-3.74,-3.8,3.09
Broadmeadows,628,2.65,0.567,0.593,0.572,0.626,0.595,0.614,0.495,0.519,0.572,0.626,-2.02,-1.82,2.69
Wilton,787,3.56,0.592,0.607,0.586,0.639,0.608,0.637,0.514,0.528,0.586,0.639,-2.45,-2.31,2.68
Berhampore,1183,5.28,0.688,0.614,0.588,0.654,0.627,0.609,0.61,0.545,0.588,0.654,-2.39,-3.33,3.21
Grenada Village,676,3.2,0.606,0.614,0.591,0.649,0.623,0.619,0.526,0.54,0.591,0.649,-2.08,-2.01,3.02
Johnsonville,4306,17.9,0.594,0.616,0.593,0.652,0.618,0.621,0.521,0.543,0.593,0.652,-12.2,-11.2,2.7
Newtown,2500,11.8,0.731,0.622,0.595,0.665,0.643,0.616,0.649,0.556,0.595,0.665,-4.35,-7.19,3.55
Maupuia,528,2.33,0.617,0.623,0.6,0.659,0.626,0.625,0.542,0.549,0.6,0.659,-1.44,-1.41,2.74
Melrose,457,2.18,0.625,0.624,0.602,0.658,0.629,0.634,0.543,0.545,0.602,0.658,-1.3,-1.31,2.84
Aro Valley,919,4.27,0.69,0.625,0.599,0.666,0.64,0.633,0.608,0.554,0.599,0.666,-1.92,-2.56,3.25
Mornington,310,1.46,0.643,0.629,0.606,0.664,0.635,0.635,0.562,0.553,0.606,0.664,-0.807,-0.86,2.88
Glenside,181,0.756,0.485,0.632,0.613,0.659,0.617,0.622,0.421,0.555,0.613,0.659,-0.802,-0.441,1.99
Crofton Downs,691,3.23,0.604,0.638,0.615,0.672,0.639,0.662,0.526,0.556,0.615,0.672,-2.12,-1.84,2.68
Mt Cook,2305,8.81,0.647,0.642,0.613,0.687,0.648,0.638,0.58,0.576,0.613,0.687,-4.81,-4.92,2.84
Northland,1245,5.94,0.645,0.642,0.619,0.678,0.646,0.661,0.563,0.563,0.619,0.678,-3.27,-3.31,2.77
Rongotai,351,1.4,0.61,0.654,0.628,0.694,0.652,0.653,0.54,0.581,0.628,0.694,-0.895,-0.739,2.52
Vogeltown,346,1.57,0.646,0.655,0.629,0.694,0.661,0.658,0.568,0.578,0.629,0.694,-0.862,-0.83,2.84
Woodridge,688,3.15,0.586,0.676,0.649,0.716,0.68,0.666,0.509,0.599,0.649,0.716,-2.23,-1.51,2.78
Churton Park,2684,13.6,0.661,0.683,0.657,0.722,0.69,0.681,0.575,0.602,0.657,0.722,-6.97,-6.31,2.94
Southgate,410,2.01,0.67,0.688,0.665,0.723,0.685,0.709,0.585,0.601,0.665,0.723,-0.993,-0.914,2.5
Miramar,3430,16.4,0.672,0.69,0.663,0.732,0.696,0.688,0.59,0.611,0.663,0.732,-8,-7.36,2.82
Houghton Bay,359,1.74,0.692,0.695,0.67,0.734,0.696,0.703,0.607,0.611,0.67,0.734,-0.775,-0.763,2.65
Ngaio,2196,10.6,0.664,0.702,0.676,0.74,0.701,0.711,0.581,0.615,0.676,0.74,-5.35,-4.5,2.57
Kilbirnie,1432,6.44,0.668,0.706,0.679,0.748,0.705,0.701,0.589,0.626,0.679,0.748,-3.2,-2.68,2.58
Highbury,157,0.819,0.727,0.713,0.686,0.754,0.72,0.737,0.639,0.626,0.686,0.754,-0.308,-0.33,2.89
Hataitai,2157,11.7,0.753,0.723,0.696,0.765,0.733,0.732,0.66,0.636,0.696,0.765,-3.86,-4.5,2.99
Lyall Bay,1310,5.93,0.678,0.73,0.701,0.774,0.728,0.722,0.598,0.648,0.701,0.774,-2.82,-2.19,2.54
Brooklyn,2440,12.4,0.712,0.732,0.705,0.775,0.736,0.742,0.624,0.645,0.705,0.775,-5.02,-4.53,2.74
Karori,5434,28.6,0.702,0.733,0.707,0.774,0.736,0.742,0.613,0.644,0.707,0.774,-12.1,-10.4,2.72
Island Bay,2838,14.9,0.723,0.744,0.716,0.788,0.749,0.744,0.634,0.657,0.716,0.788,-5.72,-5.13,2.79
Wadestown,1326,7.54,0.757,0.751,0.724,0.791,0.755,0.767,0.661,0.657,0.724,0.791,-2.42,-2.51,2.78
Kelburn,1255,8.25,0.908,0.831,0.798,0.88,0.848,0.839,0.798,0.733,0.798,0.88,-0.839,-1.68,3.23
Breaker Bay,123,0.663,0.76,0.839,0.815,0.876,0.817,0.839,0.662,0.73,0.815,0.876,-0.209,-0.127,1.94
Khandallah,3194,19.1,0.811,0.843,0.814,0.889,0.843,0.859,0.71,0.739,0.814,0.889,-4.45,-3.55,2.61
Wellington Central,2332,5.59,0.456,0.845,0.81,0.9,0.752,0.848,0.414,0.772,0.752,0.9,-6.68,-1.02,1.23
Mt Victoria,1831,10.4,0.897,0.863,0.827,0.92,0.873,0.857,0.801,0.772,0.827,0.92,-1.19,-1.65,2.92
Te Aro,7822,22.1,0.524,0.886,0.848,0.944,0.809,0.874,0.475,0.808,0.809,0.944,-20.1,-2.86,1.43
Pipitea,470,1.3,0.502,0.905,0.873,0.954,0.804,0.941,0.453,0.812,0.804,0.954,-1.29,-0.137,1.13
Thorndon,1907,8.85,0.758,0.937,0.9,0.994,0.91,0.937,0.676,0.837,0.9,0.994,-2.83,-0.595,2.04
Roseneath,630,4.43,0.969,0.941,0.909,0.99,0.943,0.98,0.848,0.824,0.909,0.99,-0.142,-0.277,2.66
Karaka Bays,316,2.12,0.861,0.958,0.927,1,0.948,0.971,0.748,0.837,0.927,1,-0.343,-0.093,2.32
Kaiwharawhara,194,1.15,0.805,1.01,0.983,1.06,0.982,1.06,0.703,0.88,0.982,1.06,-0.279,0.0163,1.87
Seatoun,1004,8.13,1.04,1.11,1.07,1.16,1.11,1.1,0.907,0.976,1.07,1.16,0.297,0.779,2.66
Ngauranga,114,0.456,0.581,1.28,1.26,1.31,1.09,1.4,0.511,1.09,1.09,1.4,-0.329,0.1,0.421
Oriental Bay,511,5.41,1.53,1.64,1.58,1.74,1.64,1.66,1.36,1.46,1.58,1.74,1.88,2.12,2.48
