Suburb,units,rates_$m,cost_$m,cost_full_$m,commercial_rates_$m,net_$m,net_full_$m,ratio
Tawa,5377,23.698,41.962,48.338,2.035,-18.264,-24.640,0.565
Karori,5558,29.757,41.992,48.132,0.786,-12.235,-18.375,0.709
Johnsonville,4443,21.020,31.532,35.958,2.878,-10.512,-14.938,0.667
Newlands,3041,13.104,22.933,26.315,0.849,-9.828,-13.211,0.571
Churton Park,2804,14.141,21.702,24.970,0.180,-7.561,-10.829,0.652
Island Bay,2964,15.509,21.668,24.746,0.286,-6.159,-9.237,0.716
Ngaio,2251,10.722,16.343,18.677,0.026,-5.621,-7.955,0.656
Brooklyn,2580,13.206,18.469,21.068,0.416,-5.263,-7.863,0.715
Khandallah,3290,19.767,24.272,27.733,0.390,-4.505,-7.967,0.814
Miramar,3562,21.614,25.844,29.458,5.084,-4.230,-7.844,0.836
Strathmore Park,1227,5.568,9.440,10.843,0.002,-3.872,-5.274,0.590
Hataitai,2207,12.345,15.975,18.224,0.509,-3.630,-5.879,0.773
Northland,1306,6.190,9.646,11.042,0.132,-3.456,-4.853,0.642
Takapu Valley,79,0.769,3.962,4.805,0.288,-3.193,-4.036,0.194
Paparangi,1003,4.280,7.416,8.518,0.000,-3.136,-4.238,0.577
Lyall Bay,1345,6.046,8.990,10.184,0.054,-2.944,-4.138,0.672
Wadestown,1388,7.780,10.400,11.916,0.103,-2.620,-4.136,0.748
Wilton,804,3.600,6.158,7.096,0.000,-2.558,-3.496,0.585
Woodridge,721,3.298,5.801,6.696,0.000,-2.503,-3.398,0.568
Berhampore,1212,5.550,7.905,8.927,0.138,-2.356,-3.377,0.702
Newtown,2661,15.224,17.526,19.776,3.169,-2.302,-4.552,0.869
Broadmeadows,646,2.685,4.818,5.526,0.000,-2.133,-2.841,0.557
Aro Valley,972,4.637,6.614,7.505,0.289,-1.977,-2.868,0.701
Crofton Downs,773,4.362,6.131,7.066,0.928,-1.770,-2.705,0.711
Kingston,484,2.057,3.685,4.245,0.004,-1.628,-2.188,0.558
Grenada Village,708,4.400,5.982,6.939,1.131,-1.582,-2.539,0.735
Mt Cook,2458,13.725,15.229,17.025,4.683,-1.504,-3.300,0.901
Melrose,478,2.214,3.618,4.160,0.000,-1.404,-1.947,0.612
Owhiro Bay,373,1.649,2.850,3.294,0.170,-1.201,-1.646,0.578
Maupuia,542,2.693,3.883,4.418,0.346,-1.190,-1.725,0.694
Southgate,422,2.039,3.082,3.528,0.000,-1.043,-1.489,0.662
Makara,179,1.326,2.269,2.557,0.000,-0.943,-1.231,0.585
Vogeltown,359,1.599,2.530,2.880,0.000,-0.931,-1.281,0.632
Horokiwi,83,0.740,1.657,1.937,0.249,-0.917,-1.197,0.447
Glenside,218,1.074,1.984,2.302,0.216,-0.911,-1.229,0.541
Houghton Bay,385,1.832,2.706,3.087,0.022,-0.874,-1.255,0.677
Kelburn,1311,8.592,9.465,10.757,0.233,-0.873,-2.165,0.908
Mornington,320,1.477,2.347,2.688,0.000,-0.869,-1.211,0.630
Ohariu,187,1.490,2.256,2.519,0.005,-0.766,-1.029,0.660
Karaka Bays,331,2.186,2.576,2.963,0.005,-0.390,-0.777,0.849
Highbury,161,0.827,1.156,1.315,0.000,-0.329,-0.487,0.716
Roseneath,675,4.551,4.843,5.529,0.024,-0.293,-0.978,0.940
Breaker Bay,126,0.675,0.892,1.025,0.000,-0.217,-0.350,0.757
Makara Beach,51,0.155,0.336,0.371,0.000,-0.180,-0.216,0.463
Seatoun,1039,8.321,8.088,9.256,0.039,0.233,-0.935,1.029
Kilbirnie,1521,10.915,10.623,12.064,4.349,0.292,-1.149,1.027
Mt Victoria,1962,13.718,13.101,14.695,2.929,0.617,-0.977,1.047
Grenada North,250,3.498,2.537,2.983,2.775,0.961,0.515,1.379
Kaiwharawhara,262,3.120,2.144,2.487,1.918,0.977,0.634,1.456
Ngauranga,202,3.986,1.976,2.306,3.494,2.010,1.680,2.017
Oriental Bay,540,5.904,3.772,4.250,0.357,2.132,1.654,1.565
Rongotai,460,13.906,4.513,5.245,12.461,9.393,8.662,3.081
Thorndon,2057,25.019,14.802,16.422,15.970,10.217,8.597,1.690
Te Aro,8662,72.180,54.632,60.062,49.723,17.548,12.118,1.321
Pipitea,593,28.280,7.590,8.302,26.977,20.690,19.978,3.726
Wellington Central,2678,101.537,26.950,28.840,95.768,74.588,72.698,3.768
