,,"first v2 (frontage, uncalibrated)",own frontage,SA1 pool by lot width (v2),SA1 pool by lot area,SA1 pool per unit
by_type,Apartment / unit / flat,468.0,430.0,357.0,363.0,897.0
by_type,Commercial,4583.0,4226.0,3882.0,4474.0,1776.0
by_type,"Commercial land, little or no building",3867.0,3587.0,3615.0,3510.0,1957.0
by_type,House,1733.0,1592.0,1647.0,1442.0,1576.0
by_type,Residential vacant land,1789.0,1664.0,1925.0,2178.0,1650.0
by_type,Rural / lifestyle,3294.0,3277.0,3501.0,3383.0,3685.0
homes_by_density,<5,4055.0,3831.0,4426.0,6462.0,2586.0
homes_by_density,5–15,1795.0,1651.0,1954.0,1903.0,1663.0
homes_by_density,15–30,1694.0,1555.0,1507.0,1226.0,1598.0
homes_by_density,30–60,1132.0,1037.0,951.0,688.0,1390.0
homes_by_density,60–150,591.0,541.0,429.0,326.0,1092.0
homes_by_density,150+,140.0,129.0,93.0,78.0,467.0
