,A_rates_funded,A_rates_funded,A_rates_funded,A_rates_funded,B_full_cost,B_full_cost,B_full_cost,B_full_cost
,total,local_frontage,non_rateable_frontage,trunk_and_other,total,local_frontage,non_rateable_frontage,trunk_and_other
water,89.9,47.0,3.7,39.2,113.0,59.1,4.7,49.2
wastewater,79.6,35.4,4.1,40.1,114.8,51.1,5.9,57.8
stormwater,44.0,20.0,2.3,21.6,54.4,24.8,2.9,26.8
transport,101.2,31.5,2.5,67.1,114.9,35.8,2.8,76.3
base_sector,18.4,,,,18.4,,,
commercial_sector,5.3,,,,5.3,,,
downtown,18.2,,,,18.2,,,
other_services,255.2,,,,255.2,,,
