Suburb,units,capital_value_bn,land_value_bn,land_share_of_cv,median_rates_now,median_rates_lv_3.7,median_change_$,median_change_%,share_paying_less_%,total_now_$m,total_lv_3.7_$m,total_change_$m
Pipitea,470,0.2435,0.1041,0.4273,1568,1030,-380.6,-29.57,75.96,0.7342,0.6215,-0.1127
Te Aro,7822,4.172,1.714,0.4108,1440,1045,-312.5,-27.02,83.97,12.58,10.24,-2.342
Kaiwharawhara,194,0.2404,0.1012,0.4211,3663,3105,-545.2,-20.07,82.47,0.7247,0.6045,-0.1202
Ngauranga,114,0.09145,0.04251,0.4649,2020,1926,-281.5,-19.01,80.7,0.2757,0.2539,-0.02181
Broadmeadows,628,0.5358,0.2249,0.4197,2533,2150,-412.5,-16.1,91.4,1.616,1.343,-0.2725
Grenada North,184,0.1254,0.05611,0.4474,1930,1702,-285.2,-15.74,87.5,0.3781,0.3351,-0.04299
Woodridge,688,0.6424,0.2809,0.4372,2744,2568,-349.8,-12.61,88.52,1.937,1.677,-0.2594
Churton Park,2684,2.799,1.228,0.4386,3105,2807,-358.8,-12.08,83.42,8.439,7.332,-1.107
Wellington Central,2332,1.016,0.4177,0.4109,874.3,746.5,-99.26,-11.61,66.94,3.064,2.494,-0.5699
Mt Cook,2305,1.753,0.9525,0.5433,1930,1612,-46.9,-10.75,56.23,5.286,5.688,0.4026
Tawa,5235,4.31,1.998,0.4635,2412,2210,-232.1,-9.665,72.68,13,11.93,-1.064
Grenada Village,676,0.6561,0.3105,0.4732,2924,2598,-145.7,-4.792,61.09,1.978,1.854,-0.124
Newlands,2906,2.38,1.177,0.4945,2382,2419,-24.55,-0.9582,52.34,7.175,7.028,-0.147
Glenside,181,0.1523,0.07458,0.4897,2020,1702,-14.16,-0.9582,55.25,0.4592,0.4454,-0.01381
Paparangi,988,0.8559,0.4256,0.4972,2502,2568,5.306,0.207,49.29,2.58,2.541,-0.03897
Thorndon,1907,1.807,1.033,0.5717,2321,2449,33.14,2.526,47.4,5.448,6.169,0.7216
Crofton Downs,691,0.6603,0.3374,0.511,2864,2837,127.1,4.984,40.67,1.991,2.015,0.0243
Maupuia,528,0.4721,0.255,0.5401,2502,2389,106.7,5.106,38.26,1.423,1.523,0.0994
Ngaio,2196,2.17,1.174,0.541,2834,2986,160.5,5.826,37.48,6.541,7.01,0.4685
Karori,5434,5.92,3.206,0.5414,2955,2986,181.6,6.116,37.69,17.85,19.14,1.294
Owhiro Bay,339,0.2861,0.1553,0.543,2442,2598,129.9,6.219,38.05,0.8625,0.9277,0.06512
Khandallah,3194,4.007,2.211,0.5517,3527,3822,235.8,7.092,39.26,12.08,13.2,1.121
Johnsonville,4306,3.607,2.007,0.5564,2442,2658,219,9.807,27.29,10.87,11.99,1.112
Aro Valley,919,0.8729,0.5008,0.5737,2683,2986,253.4,10.05,29.49,2.632,2.991,0.3591
Wilton,787,0.7256,0.4138,0.5703,2774,3165,342.7,14.55,23.51,2.188,2.471,0.2838
Island Bay,2838,3.095,1.787,0.5775,3166,3703,473.8,15.23,21.95,9.33,10.67,1.343
Mt Victoria,1831,2.17,1.345,0.6197,3196,3703,444.8,15.29,36.7,6.542,8.031,1.489
Mornington,310,0.298,0.1722,0.5778,2864,3165,390.1,15.3,20.32,0.8983,1.028,0.1299
Houghton Bay,359,0.3567,0.2129,0.5969,2894,3583,454.9,17.44,22.28,1.075,1.271,0.196
Miramar,3430,3.361,1.974,0.5873,2864,3285,459.3,17.66,22.01,10.13,11.79,1.655
Highbury,157,0.1694,0.0985,0.5816,3286,3762,541.6,18.04,17.2,0.5106,0.5883,0.07766
Kingston,473,0.4017,0.2373,0.5907,2713,3225,477.9,18.42,12.26,1.211,1.417,0.2061
Oriental Bay,511,1.178,0.7542,0.6402,5457,6211,908.7,18.85,32.68,3.552,4.504,0.9522
Wadestown,1326,1.574,0.9647,0.6128,3316,3942,656.5,20.74,18.4,4.746,5.761,1.015
Melrose,457,0.4458,0.2764,0.6201,2804,3404,555,20.83,14.66,1.344,1.651,0.3068
Strathmore Park,1204,1.11,0.6755,0.6083,2442,3046,543.9,21.68,15.86,3.348,4.034,0.6864
Brooklyn,2440,2.557,1.573,0.6151,3045,3703,601.4,21.78,15.66,7.708,9.392,1.684
Vogeltown,346,0.3208,0.1948,0.6072,2804,3404,578,21.85,11.56,0.9673,1.163,0.1962
Roseneath,630,0.9421,0.5927,0.6291,3723,4628,777.1,22.16,19.21,2.84,3.539,0.699
Rongotai,351,0.2799,0.1666,0.5952,2533,3285,574.1,22.76,26.78,0.8438,0.9947,0.151
Southgate,410,0.4137,0.2524,0.61,3045,3822,686.3,23.92,13.66,1.247,1.507,0.2598
Hataitai,2157,2.44,1.52,0.6228,3316,4300,771.3,24.02,16.32,7.357,9.076,1.719
Lyall Bay,1310,1.207,0.7487,0.6202,2774,3524,567.5,24.79,14.27,3.64,4.472,0.8318
Seatoun,1004,1.744,1.063,0.6096,4749,6211,1134,25.67,16.63,5.257,6.348,1.091
Kilbirnie,1432,1.31,0.7844,0.5986,2563,3374,628.6,26.55,26.75,3.951,4.684,0.7336
Northland,1245,1.217,0.7568,0.6221,2653,3464,695.3,27.65,15.98,3.668,4.52,0.8521
Kelburn,1255,1.743,1.125,0.6456,3769,4897,931.8,27.74,17.37,5.255,6.72,1.465
Newtown,2500,2.424,1.535,0.6333,2713,3524,656.7,28.36,16.88,7.307,9.166,1.859
Karaka Bays,316,0.4479,0.2907,0.6489,4161,5375,1310,31.09,13.29,1.35,1.736,0.3854
Berhampore,1183,1.074,0.6694,0.6232,2563,3344,660.5,31.31,18.51,3.238,3.998,0.7594
Breaker Bay,123,0.1377,0.09274,0.6735,3316,4539,1243,41.19,7.317,0.4152,0.5539,0.1387
