cv_decile,units,capital_value_bn,land_value_bn,land_share_of_cv,median_rates_now,median_rates_lv_3.7,median_change_$,median_change_%,share_paying_less_%,total_now_$m,total_lv_3.7_$m,total_change_$m
D1,7830,1.661,0.7983,0.4805,572.8,477.8,-39.3,-13.12,65.2,5.009,4.768,-0.2412
D2,7922,4.305,2.135,0.4959,1658,1553,-87.51,-5.751,56.37,12.98,12.75,-0.2294
D3,8396,5.789,3.031,0.5236,2080,2150,40.37,1.998,46.36,17.45,18.1,0.6485
D4,7569,5.915,3.256,0.5505,2352,2568,186.2,7.818,35.18,17.83,19.45,1.613
D5,7941,6.75,3.744,0.5547,2563,2717,155.5,6.289,36.15,20.35,22.36,2.012
D6,6881,6.324,3.558,0.5626,2774,2986,212.6,7.749,36.93,19.07,21.25,2.182
D7,8159,8.191,4.649,0.5675,3015,3344,300.4,10.27,36.06,24.7,27.76,3.066
D8,7248,8.059,4.471,0.5548,3347,3583,266.8,8.046,39.72,24.3,26.7,2.405
D9,7767,9.891,5.533,0.5594,3799,4180,317.9,8.046,39.04,29.82,33.04,3.225
D10,7650,16.12,9.124,0.5662,5125,6032,593.1,11,35.2,48.59,54.49,5.905
