item,nzd_bn
"Land value, all TAs (harvested + imputed)",1581.5
  of which imputed (no public layer),128.1
"  Stats NZ non-produced assets, Mar 2024 (check)",1634.6
  of which DOC conservation land (exempt),8.6
"LVT revenue (1.75% urban / 0.5% rural, after exemptions)",20.8
  TOP's claimed LVT revenue,24.3
  paid by owner-occupiers (SA2 model),10.8
  paid by farm land (SA2 model),1.4
"  paid by landlords, businesses, others (not attributed)",8.7
Citizen's Income to eligible working-age adults,50.6
Income tax change (TOP minus current),16.2
Net income-side cost,34.4
TOP's claimed administrative savings,1.7
Fiscal balance (LVT + admin savings - income-side cost),-11.9
