income_decile,households,median_household_income,owner_share,income_side_gain_per_hh,lvt_owner_per_hh,lvt_farm_per_hh,net_change_per_hh,net_change_%_of_income
1,177879,56532.18086452026,0.6248629686472265,14038.19590653622,3169.4193928935183,253.84393064470223,10614.932582998,18.77679654432005
2,178152,69629.24861915667,0.6235349589114914,15694.512106193168,3457.4971552248167,474.32930751348346,11762.685643454866,16.893311182764464
3,177765,78742.0470846342,0.64688211965235,17131.93410534123,3835.194765779995,672.2227761954016,12624.516563365838,16.032751281912503
4,177090,86103.95900389632,0.6425376926986278,18018.963442103526,4353.189873263633,1020.8136346330092,12644.959934206883,14.685689346333868
5,178404,93015.19472657563,0.6562352862043452,19113.733054244105,5235.063249222785,1209.9689183161286,12668.700886705192,13.620033720238595
6,178737,100278.68040752615,0.644169925644942,20295.827770574833,5319.871769922408,931.3498158081476,14044.606184844277,14.00557539027029
7,177675,109174.61882650908,0.6513127902068383,21344.81736395469,6191.866010045714,1043.819569555595,14109.131784353382,12.923454128815784
8,178644,119077.3308927252,0.6679821320615302,22281.411002258537,7678.214096240195,744.7132329596893,13858.483673058652,11.638221623848398
9,177639,131425.40996065052,0.7038825933494334,22394.130281405935,9051.928980416269,773.1194423420301,12569.081858647638,9.563661899484194
10,178482,156251.70437355028,0.7382257034322789,23002.672351739064,12187.840623600723,467.7913078682018,10347.040420270137,6.622033635891428
