ta_name,households,income_side_gain_per_hh,lvt_owner_per_hh,lvt_farm_per_hh,net_change_per_hh,share_sa2_imputed_%
Thames-Coromandel District,12867.0,15070.877559080323,7636.633570733521,499.50466309162977,6934.739325255174,0.09326183259501049
South Wairarapa District,4830.0,16537.49736382162,5290.027740301085,3377.5443157349896,7869.925307785544,35.46583850931677
Western Bay of Plenty District,19938.0,18958.63489459225,7708.855761394181,3269.0634216069816,7980.715711591094,31.22178754137827
Ashburton District,13665.0,17891.70407760169,3104.046936440666,6771.262669029296,8016.394472131728,0.0
Area Outside Territorial Authority,21.0,12828.87246852764,4550.219023991898,0.0,8278.653444535743,100.0
Hurunui District,5535.0,17610.44143223443,2635.600607405291,6631.966093572946,8342.874731256195,0.0
Kapiti Coast District,22851.0,15087.511136793431,6051.694937935077,401.4437004945079,8634.37249836385,5.999737429434161
Marlborough District,19572.0,17342.160885866684,5099.528924564803,3056.9802089720006,9185.651752329879,2.3605150214592276
Waimate District,3441.0,15921.300326426248,1230.8227155676832,5477.827017547629,9212.650593310933,0.0
Carterton District,4077.0,16086.439509327682,4436.298512938838,2136.7260240372825,9513.414972351562,39.0728476821192
Tararua District,7287.0,15707.23915588432,2426.6314213992428,3647.657660902978,9632.950073582097,23.30177027583368
Southland District,12750.0,18263.165228085003,2238.0411944960906,6246.0383999999995,9779.085633588911,21.058823529411764
Horowhenua District,14256.0,14623.985171015904,3588.8003456908277,1106.7947706228956,9928.390054702182,6.8181818181818175
Kawerau District,2409.0,14134.187168255461,4201.592187151407,0.0,9932.594981104052,100.0
Ruapehu District,5139.0,15246.458963078385,1562.5093709668151,3583.988373224363,10099.961218887209,10.274372446001168
Buller District,4845.0,13002.655848451388,1805.861400058764,997.8826109391125,10198.911837453512,15.603715170278637
Central Otago District,9726.0,18279.741978405633,5731.925614235472,2320.5571149496195,10227.25924922054,10.456508328192474
Timaru District,19560.0,16251.482299811723,3876.4336902214827,2112.2219090543563,10262.826700535887,5.567484662576687
Whanganui District,18723.0,14387.59462751951,3275.3397378459204,683.8953159215938,10428.359573751995,8.52427495593655
Rangitikei District,6117.0,16463.866383813725,2255.0186596601425,3658.8397498773907,10550.007974276192,12.260912211868563
Hauraki District,8244.0,15234.574277315036,3334.3413125434968,1184.1266375545852,10716.106327216952,0.0
Tauranga City,55359.0,18133.251270808687,7403.290344954832,10.642352643653245,10719.318573210201,0.0
Central Hawke's Bay District,5871.0,17115.644975673797,2488.4996474526324,3890.132715891671,10737.012612329492,0.0
South Taranaki District,11070.0,16322.398420481191,2405.643166683348,2981.6878726287264,10935.067381169114,23.116531165311653
Masterton District,10797.0,15906.66195571925,3619.0297546425354,1308.3976567565064,10979.23454432021,15.365379272020006
New Plymouth District,33210.0,16933.51465144903,5073.839635055729,817.0639573923517,11042.611059000945,8.256549232158989
Whakatane District,13002.0,16307.26311742215,5224.812639409703,11.264766958929396,11071.18571105352,100.0
Waimakariri District,25404.0,18055.23356630232,5589.743021076529,1373.3964926783183,11092.094052547473,20.323571091166745
Rotorua District,25425.0,17218.705757402364,5718.139955475754,237.97016715830875,11262.5956347683,94.89085545722715
Manawatu District,12099.0,17927.69806412733,3988.340224930931,2529.597094801223,11409.76074439518,9.843788742871313
Mackenzie District,2100.0,19495.56206231289,2855.289864511702,5048.907278026992,11591.364919774196,0.0
Matamata-Piako District,13965.0,17257.11254140469,3717.3599353899062,1865.5750089509488,11674.17759706384,0.0
Waitaki District,9705.0,16114.739084633618,2943.58799143809,1493.7480937661,11677.402999429432,21.32921174652241
Stratford District,3888.0,17086.104529960867,2955.2430911421566,2373.863104423868,11756.998334394844,20.13888888888889
Taupo District,14796.0,17706.129994568248,4993.893016972203,796.5499121384158,11915.687065457627,0.8313057583130575
Gore District,5301.0,16086.590693691987,2240.5096348497914,1832.0100924353897,12014.070966406807,20.826259196378043
Ōpōtiki District,3600.0,15106.335342958866,2138.786189967152,945.7211111111111,12021.828041880603,17.25
Waipa District,21624.0,18291.099811790504,5174.756615327605,1062.7500693673696,12053.593127095526,0.0
South Waikato District,9006.0,15697.1186978912,2284.3682709115074,1333.0002220741728,12079.750204905515,0.0
Clutha District,7212.0,18040.574583160436,2040.849288397872,3790.267054908486,12209.458239854077,7.778702163061564
Far North District,25338.0,15519.257418741254,3236.8645614617103,0.0025653169153050754,12282.390291962633,100.0
Whangarei District,35073.0,16770.04059064049,3897.4378709006555,352.0504376585978,12520.552282081237,0.0
Kaipara District,10011.0,16134.78642730025,3523.2886999778852,0.32714014583957646,12611.170587176526,100.0
Waitomo District,3510.0,17289.135025935473,1396.0225405072722,3061.3058404558406,12831.806644972361,0.5128205128205128
Tasman District,21471.0,18440.81086039061,4872.192341497541,713.5203297471007,12855.098189145972,0.0
Dunedin City,49179.0,17565.244884896263,4412.096974332896,284.8751245450294,12868.272786018337,2.06795583480754
Auckland,539424.0,22555.657133604636,9248.361857600763,419.57240830033516,12887.722867703536,2.6127869727709556
Napier City,24597.0,16138.40665986515,3100.2299438963187,0.0,13038.176715968837,100.0
Wairoa District,3078.0,14853.448408559201,1790.1126091228048,4.1423001949317735,13059.193499241464,100.0
Christchurch City,149463.0,18364.090349339484,5209.5639915366055,60.13049216193974,13094.395865640947,0.4817245739748299
Upper Hutt City,16809.0,18754.529156923778,5420.83539797475,217.1694035414532,13116.52435540757,5.800464037122969
Gisborne District,17127.0,17613.91690625433,2813.2732452671726,1678.571495299819,13122.07216568734,0.0
Grey District,5541.0,16448.196736154874,2234.2961480300723,814.0015340191301,13399.899054105676,5.468327016783974
Nelson City,20568.0,17397.0454321556,3938.540838491964,0.0,13458.50459366364,100.0
Invercargill City,22128.0,16504.53826491474,2723.2382894523284,203.2423513195951,13578.057624142817,5.490780911062907
Westland District,3804.0,17121.558818343176,2078.049563398508,1421.3961619348054,13622.113093009862,6.624605678233439
Palmerston North City,31491.0,18117.346805201905,4155.807782311645,237.42950366771458,13724.109519222553,4.296465656854339
Ōtorohanga District,3648.0,19483.059396351724,1897.729567080681,3636.182976973684,13949.146852297357,0.0
Queenstown-Lakes District,16533.0,25561.950510111154,10841.557582818605,720.386197302365,14000.006729990188,0.0
Selwyn District,26916.0,21891.017938940025,5721.97515134073,2131.5384158121565,14037.504371787141,14.433794025858226
Kaikoura District,1668.0,17883.903414257304,3759.7914462789226,7.5743868620884305,14116.537581116292,100.0
Wellington City,76989.0,20259.18500021827,5808.208003654426,32.02139266648482,14418.955603897353,0.4637026068659159
Hamilton City,60426.0,18921.285472148164,4493.217472175001,0.10136365140833416,14427.966636321751,0.17873100983020554
Lower Hutt City,39012.0,19113.274230254374,4611.80234228298,2.5280682866810213,14498.94381968471,0.13841894801599508
Waikato District,28182.0,20591.390454833487,4067.2659526225525,1283.790628770137,15240.333873440792,0.0
Porirua City,19023.0,20779.24600822115,5115.96872186596,186.7852336645114,15476.492052690677,2.4601797823687117
Hastings District,29400.0,18721.048778003358,3215.562766652947,0.0,15505.486011350411,100.0
Chatham Islands Territory,240.0,19566.52959579523,2307.595076015743,0.0,17258.934519779486,100.0
