ta_name,units,lv_bn,sources,linz_units,unit_coverage_%,region,lv_model,lv_imputed,lv_rural_model,lv_urban_model,lv_conservation_model,lvt
Ashburton District,15012,23.55,ecan_2021,16939,89.0,Canterbury Region,23550000000.0,False,19596364435.627815,3936655678.032113,16978691.325793337,162205206.5385798
Auckland,623766,626.33,"auckland,waikato_rc",652396,96.0,Auckland,626330000000.0,False,45291763802.46564,580627918537.1035,410320800.0,9698938261.57608
Buller District,7445,2.02,"tasman,west_coast",7586,98.0,West Coast Region,2020000000.0,False,965027391.6411183,570622991.883853,485313700.0,14134394.035771718
Carterton District,5035,2.55,"horizons,wairarapa",5564,90.0,Wellington Region,2550000000.0,False,1740334904.460465,775167778.5310073,34536000.0,21347915.965829395
Central Hawke's Bay District,8689,5.44,central_hawkes_bay,8812,99.0,Hawke's Bay Region,5440000000.0,False,4571985324.409732,848086405.8177778,19910000.0,36695777.066283405
Central Otago District,15344,9.59,"otago_rc,queenstown_lakes,southland",16101,95.0,Otago Region,9590000000.0,False,4514745336.394521,4974066986.412416,101169800.0,103721645.63398863
Chatham Islands Territory,0,,,643,0.0,Area Outside Region,450049991.6929323,True,223845073.18657503,226204918.50635728,0.0,4809577.434701599
Christchurch City,186910,94.62,"christchurch,selwyn,waimakariri",190132,98.0,Canterbury Region,94620000000.0,False,1797508168.4791446,92779060589.15186,43430000.0,1522603603.8546278
Clutha District,11377,6.49,"otago_rc,southland",11815,96.0,Otago Region,6490000000.0,False,5464891538.373438,933761962.1561801,91383100.0,42558036.21674687
Dunedin City,56378,24.43,otago_rc,58701,96.0,Otago Region,24430000000.0,False,2802226807.032219,21569360338.799694,58407600.0,365897972.19014335
Far North District,4,0.0,whangarei,39734,0.0,Northland Region,20587564766.83938,True,1462504600.9230158,19125060165.916363,0.0,319322561.57781357
Gisborne District,23948,12.2,"gisborne,opotiki",24629,97.0,Gisborne Region,12200000000.0,False,6956949964.220681,5214232582.076223,28828500.0,119850778.10804133
Gore District,7089,2.87,southland,7038,101.0,Southland Region,2870000000.0,False,1942458960.2997754,925967408.5734357,1573500.0,24818711.427649103
Grey District,8664,2.2,west_coast,9284,93.0,West Coast Region,2200000000.0,False,902428159.8461074,1178898095.1531703,118627500.0,23744918.994518723
Hamilton City,67466,36.92,waikato_rc,68353,99.0,Waikato Region,36920000000.0,False,243386818.2259323,36675488150.25749,1125000.0,599548148.381688
Hastings District,0,,,34041,0.0,Hawke's Bay Region,21014870630.957783,True,19305426859.26666,1709443771.6911223,0.0,124415340.26886103
Hauraki District,11845,5.81,waikato_rc,11696,101.0,Waikato Region,5810000000.0,False,3107991768.8679786,2650859173.2584662,51155350.0,58786603.07579146
Horowhenua District,19438,7.78,"horizons,kapiti",19628,99.0,Manawatū-Whanganui Region,7780000000.0,False,3154846571.0927877,4595790709.098835,29370600.0,90750877.31986941
Hurunui District,8541,9.81,"ecan_2021,marlborough,waimakariri",9088,94.0,Canterbury Region,9810000000.0,False,8018629404.420445,1686003795.2668643,105327914.52692328,67598948.55329277
Invercargill City,24346,5.91,southland,26693,91.0,Southland Region,5910000000.0,False,898916858.3593394,5000086400.449917,11003500.0,86066989.14383413
Kaikoura District,1,0.0,ecan_2021,3235,0.0,Canterbury Region,1887084945.8956676,True,1887084945.8956676,0.0,0.0,9435424.729478339
Kaipara District,4,0.0,whangarei,16962,0.0,Northland Region,8788601036.26943,True,5406398888.200728,0.0,660000.0,27031994.441003643
Kapiti Coast District,27576,13.51,"horizons,kapiti",27953,99.0,Wellington Region,13510000000.0,False,1861033081.808754,11570507161.491161,78471600.0,198068722.4619034
Kawerau District,0,,,3048,0.0,Bay of Plenty Region,2233166118.2590194,True,1430676853.2886415,802489264.9703779,0.0,20245353.87834578
Lower Hutt City,44099,19.53,"horizons,hutt,wellington_city",44884,98.0,Wellington Region,19530000000.0,False,329369518.63441515,19186694913.11451,13932500.0,314662407.701148
Mackenzie District,4060,3.9,ecan_2021,5463,74.0,Canterbury Region,3900000000.0,False,2409243431.7457557,1213875562.6549294,276874012.322872,31849624.721440643
Manawatu District,15684,9.14,horizons,15992,98.0,Manawatū-Whanganui Region,9140000000.0,False,6119718444.635841,2995974768.4005165,24312350.0,79475520.9723435
Marlborough District,29085,20.78,"ecan_2021,horizons,marlborough",28324,103.0,Marlborough Region,20780000000.0,False,11963850994.049988,8471549898.509947,344668014.75373536,198025806.3577037
Masterton District,13637,5.75,"horizons,wairarapa",14162,96.0,Wellington Region,5750000000.0,False,2824533360.7781143,2914997680.499912,10472000.0,61678519.22177933
Matamata-Piako District,16749,11.96,waikato_rc,17467,96.0,Waikato Region,11960000000.0,False,6976301848.464714,4960801394.054859,22893000.0,115813010.67997518
Napier City,0,,,27750,0.0,Hawke's Bay Region,17131184748.070812,True,15737657393.867685,1393527354.2031271,0.0,101422569.62077773
Nelson City,2,0.0,"marlborough,tasman",23805,0.0,Nelson Region,16661648603.810658,True,0.0,0.0,364000.0,0.0
New Plymouth District,38460,19.55,"horizons,taranaki,waikato_rc",39159,98.0,Taranaki Region,19550000000.0,False,5428056886.9149685,14084548837.660543,37387000.0,256918417.83654127
Palmerston North City,35256,15.65,"horizons,wairarapa",35570,99.0,Manawatū-Whanganui Region,15650000000.0,False,1495505976.3560677,14141171388.02758,13321500.0,238179414.84169567
Porirua City,21359,9.96,porirua,21636,99.0,Wellington Region,9960000000.0,False,711414325.5431767,9237676355.459818,10907000.0,154262362.53866038
Queenstown-Lakes District,34482,46.54,"otago_rc,queenstown_lakes,southland",35055,98.0,Otago Region,46540000000.0,False,9264824549.677896,36946576500.862206,328594000.0,649077926.3534462
Rangitikei District,8711,5.46,horizons,9029,96.0,Manawatū-Whanganui Region,5460000000.0,False,4477691568.0515585,953204396.6455933,29094500.0,37939224.11160059
Rotorua District,1531,1.55,waikato_rc,31057,5.0,Bay of Plenty Region,22754409493.034897,True,21586896115.51594,1084551022.4460382,5650400.0,125628061.8480351
Ruapehu District,9696,4.82,"horizons,waikato_rc,wairarapa",9734,100.0,Manawatū-Whanganui Region,4820000000.0,False,3685323369.786738,908535956.5296873,226040400.0,33248653.296544686
Selwyn District,38437,24.01,selwyn,38563,100.0,Canterbury Region,24010000000.0,False,11476608198.915022,12375610284.367476,157752500.0,259281210.65752822
South Taranaki District,15268,8.46,"horizons,taranaki",15709,97.0,Taranaki Region,8460000000.000001,False,6603845692.127042,1836595733.1480844,19551500.0,62981816.84318784
South Waikato District,10586,5.08,"waikato_rc,wbop",10698,99.0,Waikato Region,5080000000.0,False,3053452501.9012766,1994228633.0861952,32295500.0,47801505.39998817
South Wairarapa District,7762,5.19,wairarapa,7766,100.0,Wellington Region,5190000000.0,False,3262302058.4528995,1875466237.892918,52238200.0,46908239.82677068
Southland District,21257,21.26,"otago_rc,queenstown_lakes,southland,west_coast",20685,103.0,Southland Region,21260000000.0,False,15930386875.697086,2418670355.5852075,2910396600.0,119110604.019007
Stratford District,5225,2.56,"horizons,taranaki",5519,95.0,Taranaki Region,2560000000.0,False,1845654061.7820537,679633263.7566174,34717600.0,20315942.661347583
Tararua District,10825,6.38,"horizons,wairarapa",11151,97.0,Manawatū-Whanganui Region,6380000000.0,False,5319370877.210739,1034890277.9684919,25723000.0,43480260.38565548
Tasman District,28457,17.29,"marlborough,tasman,west_coast",28104,101.0,Tasman Region,17290000000.0,False,7168478574.583742,9152771724.22855,968662600.0,185162532.72887605
Taupo District,25719,14.94,"horizons,waikato_rc",23363,110.0,Waikato Region,14940000000.0,False,4021664435.6083317,10834741640.172066,83603300.0,196868454.05492613
Tauranga City,64100,51.97,"tauranga,wbop",68783,93.0,Bay of Plenty Region,51970000000.0,False,2194433774.2682652,49773285396.42309,2281000.0,822983454.6778605
Thames-Coromandel District,30047,22.69,waikato_rc,29611,101.0,Waikato Region,22690000000.0,False,4239587541.0287304,18321993258.57471,128398850.0,320106582.8938094
Timaru District,22829,14.49,ecan_2021,23855,96.0,Canterbury Region,14490000000.0,False,8263812468.630317,6139234029.890477,86945079.92555301,141475748.3801307
Upper Hutt City,16335,7.4,upper_hutt,19350,84.0,Wellington Region,7400000000.0,False,730121029.4418063,6669878970.558196,0.0,112464338.37620017
Waikato District,37924,27.87,"auckland,waikato_rc",37349,102.0,Waikato Region,27870000000.0,False,18665297882.91608,9130569256.37657,74130500.0,242284413.79038665
Waimakariri District,30568,15.4,waimakariri,31027,99.0,Canterbury Region,15400000000.0,False,6977980517.396918,8404527913.375086,17491500.0,172003043.96758002
Waimate District,4365,4.41,ecan_2021,4512,97.0,Canterbury Region,4410000000.0,False,3962813359.22616,425609161.7781612,21578344.015313707,26757539.3829606
Waipa District,25853,18.87,waikato_rc,31163,83.0,Waikato Region,18870000000.0,False,8223759742.605398,10636614218.629221,9625000.0,214646640.39570025
Wairoa District,2,0.0,gisborne,7085,0.0,Hawke's Bay Region,4373853835.678619,True,4360174855.739046,13678979.939573478,0.0,22024035.88036143
Waitaki District,12400,4.85,"otago_rc,queenstown_lakes",14775,84.0,Canterbury Region,4850000000.0,False,2900163940.5205226,1918719487.986794,31108000.0,45803191.36911407
Waitomo District,5945,3.21,"horizons,waikato_rc",5811,102.0,Waikato Region,3210000000.0,False,2599582630.095915,537530436.3560699,72981900.0,21767291.68977525
Wellington City,83301,51.05,"porirua,wellington_city",84772,98.0,Wellington Region,51050000000.0,False,493050094.66537046,50490594103.83479,66357000.0,826178853.3197303
Western Bay of Plenty District,24924,21.41,"tauranga,wbop",26673,93.0,Bay of Plenty Region,21410000000.0,False,13036360491.835346,8294615515.436773,79020700.0,200501811.10069078
Westland District,6693,2.23,west_coast,6857,98.0,West Coast Region,2230000000.0,False,1081942470.4319868,651769372.1442473,496038500.0,16042807.630258486
Whakatane District,75,0.03,"opotiki,wbop",16642,0.0,Bay of Plenty Region,12193028392.410301,True,11188143096.427307,0.0,2631000.0,55940715.48213654
Whanganui District,22441,7.9,horizons,22977,98.0,Manawatū-Whanganui Region,7900000000.0,False,2561503237.715804,5303204149.2272415,35284500.0,99325044.3326614
Whangarei District,50036,24.4,whangarei,47092,106.0,Northland Region,24400000000.0,False,8759145265.755692,15500724252.760029,140106000.0,296677627.35596085
Ōpōtiki District,5509,0.99,"gisborne,opotiki",6050,91.0,Bay of Plenty Region,990000000.0,False,678997021.1600977,275219977.2643625,35884300.0,7884978.600064306
Ōtorohanga District,5417,4.04,waikato_rc,5447,99.0,Waikato Region,4040000000.0,False,3343234944.6465755,664716380.6569233,32087500.0,27560490.0754333
